service_point_id;week_day;open_time;close_time;break_start;break_end
references=service_point_id:service_point(service_point_type//address//geo_latitude//geo_longitude)

ATM//Шымкент мкр. Нурсат 36//42.3608177//69.6327494;FRIDAY;00:00;00:00;;
ATM//Шымкент мкр. Нурсат 36//42.3608177//69.6327494;MONDAY;00:00;00:00;;
ATM//Шымкент мкр. Нурсат 36//42.3608177//69.6327494;SATURDAY;00:00;00:00;;
ATM//Шымкент мкр. Нурсат 36//42.3608177//69.6327494;SUNDAY;00:00;00:00;;
ATM//Шымкент мкр. Нурсат 36//42.3608177//69.6327494;THURSDAY;00:00;00:00;;
ATM//Шымкент мкр. Нурсат 36//42.3608177//69.6327494;TUESDAY;00:00;00:00;;
ATM//Шымкент мкр. Нурсат 36//42.3608177//69.6327494;WEDNESDAY;00:00;00:00;;
DEPARTMENT//Алматы ул. Тимирязева 28 в//43.2296602//76.9329965;FRIDAY;00:00;00:00;;
DEPARTMENT//Алматы ул. Тимирязева 28 в//43.2296602//76.9329965;MONDAY;00:00;00:00;;
DEPARTMENT//Алматы ул. Тимирязева 28 в//43.2296602//76.9329965;SATURDAY;00:00;00:00;;
DEPARTMENT//Алматы ул. Тимирязева 28 в//43.2296602//76.9329965;SUNDAY;00:00;00:00;;
DEPARTMENT//Алматы ул. Тимирязева 28 в//43.2296602//76.9329965;THURSDAY;00:00;00:00;;
DEPARTMENT//Алматы ул. Тимирязева 28 в//43.2296602//76.9329965;TUESDAY;00:00;00:00;;
DEPARTMENT//Алматы ул. Тимирязева 28 в//43.2296602//76.9329965;WEDNESDAY;00:00;00:00;;
DEPARTMENT//Алматы  ул. Гоголя д.39 а//43.2588922//76.9342196;FRIDAY;09:00;19:00;;
DEPARTMENT//Алматы  ул. Гоголя д.39 а//43.2588922//76.9342196;SATURDAY;;;;
DEPARTMENT//Алматы  ул. Гоголя д.39 а//43.2588922//76.9342196;SUNDAY;;;;
DEPARTMENT//Алматы  ул. Гоголя д.39 а//43.2588922//76.9342196;THURSDAY;09:00;19:00;;
DEPARTMENT//Алматы  ул. Гоголя д.39 а//43.2588922//76.9342196;TUESDAY;09:00;19:00;;
DEPARTMENT//Алматы  ул. Гоголя д.39 а//43.2588922//76.9342196;WEDNESDAY;09:00;19:00;;
DEPARTMENT//Алматы пр-т Абылай хана дом 64, №3//43.262886//76.9404682;FRIDAY;09:00;19:00;;
DEPARTMENT//Алматы пр-т Абылай хана дом 64, №3//43.262886//76.9404682;MONDAY;09:00;19:00;;
DEPARTMENT//Алматы пр-т Абылай хана дом 64, №3//43.262886//76.9404682;SATURDAY;;;;
DEPARTMENT//Алматы пр-т Абылай хана дом 64, №3//43.262886//76.9404682;SUNDAY;;;;
DEPARTMENT//Алматы пр-т Абылай хана дом 64, №3//43.262886//76.9404682;THURSDAY;09:00;19:00;;
DEPARTMENT//Алматы пр-т Абылай хана дом 64, №3//43.262886//76.9404682;TUESDAY;09:00;19:00;;
DEPARTMENT//Алматы пр-т Абылай хана дом 64, №3//43.262886//76.9404682;WEDNESDAY;09:00;19:00;;
DEPARTMENT//Алматы ул. Толе би дом 234 б//43.2504052//76.883351;FRIDAY;09:00;18:00;;
DEPARTMENT//Алматы ул. Толе би дом 234 б//43.2504052//76.883351;MONDAY;09:00;18:00;;
DEPARTMENT//Алматы ул. Толе би дом 234 б//43.2504052//76.883351;SATURDAY;;;;
DEPARTMENT//Алматы ул. Толе би дом 234 б//43.2504052//76.883351;SUNDAY;;;;
DEPARTMENT//Алматы ул. Толе би дом 234 б//43.2504052//76.883351;THURSDAY;09:00;18:00;;
DEPARTMENT//Алматы ул. Толе би дом 234 б//43.2504052//76.883351;TUESDAY;09:00;18:00;;
DEPARTMENT//Алматы ул. Толе би дом 234 б//43.2504052//76.883351;WEDNESDAY;09:00;18:00;;
DEPARTMENT//Алматы ул. Навои дом 310//43.1997053//76.8871241;FRIDAY;09:00;18:00;;
DEPARTMENT//Алматы ул. Навои дом 310//43.1997053//76.8871241;MONDAY;09:00;18:00;;
DEPARTMENT//Алматы ул. Навои дом 310//43.1997053//76.8871241;SATURDAY;;;;
DEPARTMENT//Алматы ул. Навои дом 310//43.1997053//76.8871241;SUNDAY;;;;
DEPARTMENT//Алматы ул. Навои дом 310//43.1997053//76.8871241;THURSDAY;09:00;18:00;;
DEPARTMENT//Алматы ул. Навои дом 310//43.1997053//76.8871241;TUESDAY;09:00;18:00;;
DEPARTMENT//Алматы ул. Навои дом 310//43.1997053//76.8871241;WEDNESDAY;09:00;18:00;;
DEPARTMENT//Алматы ул. Фурманова 76//43.2317312//76.9497364;FRIDAY;09:00;18:00;;
DEPARTMENT//Алматы ул. Фурманова 76//43.2317312//76.9497364;MONDAY;09:00;18:00;;
DEPARTMENT//Алматы ул. Фурманова 76//43.2317312//76.9497364;SATURDAY;;;;
DEPARTMENT//Алматы ул. Фурманова 76//43.2317312//76.9497364;SUNDAY;;;;
DEPARTMENT//Алматы ул. Фурманова 76//43.2317312//76.9497364;THURSDAY;09:00;18:00;;
DEPARTMENT//Алматы ул. Фурманова 76//43.2317312//76.9497364;TUESDAY;09:00;18:00;;
DEPARTMENT//Алматы ул. Фурманова 76//43.2317312//76.9497364;WEDNESDAY;09:00;18:00;;
DEPARTMENT//Алматы мкр Жетысу 4//43.229163//76.892935;FRIDAY;09:00;18:00;;
DEPARTMENT//Алматы мкр Жетысу 4//43.229163//76.892935;MONDAY;09:00;18:00;;
DEPARTMENT//Алматы мкр Жетысу 4//43.229163//76.892935;SATURDAY;;;;
DEPARTMENT//Алматы мкр Жетысу 4//43.229163//76.892935;SUNDAY;;;;
DEPARTMENT//Алматы мкр Жетысу 4//43.229163//76.892935;THURSDAY;09:00;18:00;;
DEPARTMENT//Алматы мкр Жетысу 4//43.229163//76.892935;TUESDAY;09:00;18:00;;
DEPARTMENT//Алматы мкр Жетысу 4//43.229163//76.892935;WEDNESDAY;09:00;18:00;;
DEPARTMENT//Алматы ул. Ауэзова дом 69//43.2423609//76.9031489;FRIDAY;09:00;18:00;;
DEPARTMENT//Алматы ул. Ауэзова дом 69//43.2423609//76.9031489;MONDAY;09:00;18:00;;
DEPARTMENT//Алматы ул. Ауэзова дом 69//43.2423609//76.9031489;SATURDAY;;;;
DEPARTMENT//Алматы ул. Ауэзова дом 69//43.2423609//76.9031489;SUNDAY;;;;
DEPARTMENT//Алматы ул. Ауэзова дом 69//43.2423609//76.9031489;THURSDAY;09:00;18:00;;
DEPARTMENT//Алматы ул. Ауэзова дом 69//43.2423609//76.9031489;TUESDAY;09:00;18:00;;
DEPARTMENT//Алматы ул. Ауэзова дом 69//43.2423609//76.9031489;WEDNESDAY;09:00;18:00;;
DEPARTMENT//Алматы  пр-т Достык дом 46//43.2477612//76.956836;FRIDAY;09:00;18:00;;
DEPARTMENT//Алматы  пр-т Достык дом 46//43.2477612//76.956836;MONDAY;09:00;18:00;;
DEPARTMENT//Алматы  пр-т Достык дом 46//43.2477612//76.956836;SATURDAY;;;;
DEPARTMENT//Алматы  пр-т Достык дом 46//43.2477612//76.956836;SUNDAY;;;;
DEPARTMENT//Алматы  пр-т Достык дом 46//43.2477612//76.956836;THURSDAY;09:00;18:00;;
DEPARTMENT//Алматы  пр-т Достык дом 46//43.2477612//76.956836;TUESDAY;09:00;18:00;;
DEPARTMENT//Алматы  пр-т Достык дом 46//43.2477612//76.956836;WEDNESDAY;09:00;18:00;;
DEPARTMENT//Астана ул. Достык  дом 12//51.1260799//71.426014;FRIDAY;09:00;19:00;;
DEPARTMENT//Астана ул. Достык  дом 12//51.1260799//71.426014;MONDAY;09:00;19:00;;
DEPARTMENT//Астана ул. Достык  дом 12//51.1260799//71.426014;SATURDAY;10:00;14:00;;
DEPARTMENT//Астана ул. Достык  дом 12//51.1260799//71.426014;SUNDAY;10:00;14:00;;
DEPARTMENT//Астана ул. Достык  дом 12//51.1260799//71.426014;THURSDAY;09:00;19:00;;
DEPARTMENT//Астана ул. Достык  дом 12//51.1260799//71.426014;TUESDAY;09:00;19:00;;
DEPARTMENT//Астана ул. Достык  дом 12//51.1260799//71.426014;WEDNESDAY;09:00;19:00;;
DEPARTMENT//Астана ул. Иманова дом 11//51.1642042//71.4355959;FRIDAY;09:00;18:00;;
DEPARTMENT//Астана ул. Иманова дом 11//51.1642042//71.4355959;MONDAY;09:00;18:00;;
DEPARTMENT//Астана ул. Иманова дом 11//51.1642042//71.4355959;SATURDAY;;;;
DEPARTMENT//Астана ул. Иманова дом 11//51.1642042//71.4355959;SUNDAY;;;;
DEPARTMENT//Астана ул. Иманова дом 11//51.1642042//71.4355959;THURSDAY;09:00;18:00;;
DEPARTMENT//Астана ул. Иманова дом 11//51.1642042//71.4355959;TUESDAY;09:00;18:00;;
DEPARTMENT//Астана ул. Иманова дом 11//51.1642042//71.4355959;WEDNESDAY;09:00;18:00;;
DEPARTMENT//Астана ул. Бейбитшилик дом 16//51.1792701//71.417674;FRIDAY;09:00;18:00;;
DEPARTMENT//Астана ул. Бейбитшилик дом 16//51.1792701//71.417674;MONDAY;09:00;18:00;;
DEPARTMENT//Астана ул. Бейбитшилик дом 16//51.1792701//71.417674;SATURDAY;;;;
DEPARTMENT//Астана ул. Бейбитшилик дом 16//51.1792701//71.417674;SUNDAY;;;;
DEPARTMENT//Астана ул. Бейбитшилик дом 16//51.1792701//71.417674;THURSDAY;09:00;18:00;;
DEPARTMENT//Астана ул. Бейбитшилик дом 16//51.1792701//71.417674;TUESDAY;09:00;18:00;;
DEPARTMENT//Астана ул. Бейбитшилик дом 16//51.1792701//71.417674;WEDNESDAY;09:00;18:00;;
DEPARTMENT//Астана  ул. Достык 2//51.1279298//71.417463;FRIDAY;09:00;23:00;;
DEPARTMENT//Астана  ул. Достык 2//51.1279298//71.417463;MONDAY;09:00;23:00;;
DEPARTMENT//Астана  ул. Достык 2//51.1279298//71.417463;SATURDAY;09:00;23:00;;
DEPARTMENT//Астана  ул. Достык 2//51.1279298//71.417463;SUNDAY;09:00;23:00;;
DEPARTMENT//Астана  ул. Достык 2//51.1279298//71.417463;THURSDAY;09:00;23:00;;
DEPARTMENT//Астана  ул. Достык 2//51.1279298//71.417463;TUESDAY;09:00;23:00;;
DEPARTMENT//Астана  ул. Достык 2//51.1279298//71.417463;WEDNESDAY;09:00;23:00;;
DEPARTMENT//Актау 14 мкр. дом 58//43.6584932//51.1442121;FRIDAY;09:00;19:00;;
DEPARTMENT//Актау 14 мкр. дом 58//43.6584932//51.1442121;MONDAY;09:00;19:00;;
DEPARTMENT//Актау 14 мкр. дом 58//43.6584932//51.1442121;SATURDAY;;;;
DEPARTMENT//Актау 14 мкр. дом 58//43.6584932//51.1442121;SUNDAY;;;;
DEPARTMENT//Актау 14 мкр. дом 58//43.6584932//51.1442121;THURSDAY;09:00;19:00;;
DEPARTMENT//Актау 14 мкр. дом 58//43.6584932//51.1442121;TUESDAY;09:00;19:00;;
DEPARTMENT//Актау 14 мкр. дом 58//43.6584932//51.1442121;WEDNESDAY;09:00;19:00;;
DEPARTMENT//Актобе пр-т Абилкаирхана дом 25//50.3030545//57.1534692;FRIDAY;09:00;18:00;;
DEPARTMENT//Актобе пр-т Абилкаирхана дом 25//50.3030545//57.1534692;MONDAY;09:00;18:00;;
DEPARTMENT//Актобе пр-т Абилкаирхана дом 25//50.3030545//57.1534692;SATURDAY;;;;
DEPARTMENT//Актобе пр-т Абилкаирхана дом 25//50.3030545//57.1534692;SUNDAY;;;;
DEPARTMENT//Актобе пр-т Абилкаирхана дом 25//50.3030545//57.1534692;THURSDAY;09:00;18:00;;
DEPARTMENT//Актобе пр-т Абилкаирхана дом 25//50.3030545//57.1534692;TUESDAY;09:00;18:00;;
DEPARTMENT//Актобе пр-т Абилкаирхана дом 25//50.3030545//57.1534692;WEDNESDAY;09:00;18:00;;
DEPARTMENT//Актобе ул. Братьев Жубановых дом 285//50.2841328//57.1622716;FRIDAY;09:00;18:00;;
DEPARTMENT//Актобе ул. Братьев Жубановых дом 285//50.2841328//57.1622716;MONDAY;09:00;18:00;;
DEPARTMENT//Актобе ул. Братьев Жубановых дом 285//50.2841328//57.1622716;SATURDAY;09:00;18:00;;
DEPARTMENT//Актобе ул. Братьев Жубановых дом 285//50.2841328//57.1622716;SUNDAY;09:00;18:00;;
DEPARTMENT//Актобе ул. Братьев Жубановых дом 285//50.2841328//57.1622716;THURSDAY;09:00;18:00;;
DEPARTMENT//Актобе ул. Братьев Жубановых дом 285//50.2841328//57.1622716;TUESDAY;09:00;18:00;;
DEPARTMENT//Актобе ул. Братьев Жубановых дом 285//50.2841328//57.1622716;WEDNESDAY;09:00;18:00;;
DEPARTMENT//Атырау ул. Кулманова дом 111//47.1069783//51.9024243;FRIDAY;09:00;19:00;;
DEPARTMENT//Атырау ул. Кулманова дом 111//47.1069783//51.9024243;MONDAY;09:00;19:00;;
DEPARTMENT//Атырау ул. Кулманова дом 111//47.1069783//51.9024243;SATURDAY;;;;
DEPARTMENT//Атырау ул. Кулманова дом 111//47.1069783//51.9024243;SUNDAY;;;;
DEPARTMENT//Атырау ул. Кулманова дом 111//47.1069783//51.9024243;THURSDAY;09:00;19:00;;
DEPARTMENT//Атырау ул. Кулманова дом 111//47.1069783//51.9024243;TUESDAY;09:00;19:00;;
DEPARTMENT//Атырау ул. Кулманова дом 111//47.1069783//51.9024243;WEDNESDAY;09:00;19:00;;
DEPARTMENT//Атырау пр-т Азаттык дом 64/2//47.0928568//51.9212518;FRIDAY;09:00;18:00;;
DEPARTMENT//Атырау пр-т Азаттык дом 64/2//47.0928568//51.9212518;MONDAY;09:00;18:00;;
DEPARTMENT//Атырау пр-т Азаттык дом 64/2//47.0928568//51.9212518;SATURDAY;09:00;18:00;;
DEPARTMENT//Атырау пр-т Азаттык дом 64/2//47.0928568//51.9212518;SUNDAY;09:00;18:00;;
DEPARTMENT//Атырау пр-т Азаттык дом 64/2//47.0928568//51.9212518;THURSDAY;09:00;18:00;;
DEPARTMENT//Атырау пр-т Азаттык дом 64/2//47.0928568//51.9212518;TUESDAY;09:00;18:00;;
DEPARTMENT//Атырау пр-т Азаттык дом 64/2//47.0928568//51.9212518;WEDNESDAY;09:00;18:00;;
DEPARTMENT//Караганда пр-т Бухар-Жырау дом 24//49.8128208//73.0808525;FRIDAY;09:00;19:00;;
DEPARTMENT//Караганда пр-т Бухар-Жырау дом 24//49.8128208//73.0808525;MONDAY;09:00;19:00;;
DEPARTMENT//Караганда пр-т Бухар-Жырау дом 24//49.8128208//73.0808525;SATURDAY;09:00;19:00;;
DEPARTMENT//Караганда пр-т Бухар-Жырау дом 24//49.8128208//73.0808525;SUNDAY;09:00;19:00;;
DEPARTMENT//Караганда пр-т Бухар-Жырау дом 24//49.8128208//73.0808525;THURSDAY;09:00;19:00;;
DEPARTMENT//Караганда пр-т Бухар-Жырау дом 24//49.8128208//73.0808525;TUESDAY;09:00;19:00;;
DEPARTMENT//Караганда пр-т Бухар-Жырау дом 24//49.8128208//73.0808525;WEDNESDAY;09:00;19:00;;
DEPARTMENT//Караганда район им. Казыбек би пр-т Абдирова дом 15//49.8036813//73.0971725;FRIDAY;09:00;18:00;;
DEPARTMENT//Караганда район им. Казыбек би пр-т Абдирова дом 15//49.8036813//73.0971725;MONDAY;09:00;18:00;;
DEPARTMENT//Караганда район им. Казыбек би пр-т Абдирова дом 15//49.8036813//73.0971725;SATURDAY;09:00;18:00;;
DEPARTMENT//Караганда район им. Казыбек би пр-т Абдирова дом 15//49.8036813//73.0971725;SUNDAY;09:00;18:00;;
DEPARTMENT//Караганда район им. Казыбек би пр-т Абдирова дом 15//49.8036813//73.0971725;THURSDAY;09:00;18:00;;
DEPARTMENT//Караганда район им. Казыбек би пр-т Абдирова дом 15//49.8036813//73.0971725;TUESDAY;09:00;18:00;;
DEPARTMENT//Караганда район им. Казыбек би пр-т Абдирова дом 15//49.8036813//73.0971725;WEDNESDAY;09:00;18:00;;
DEPARTMENT//Караганда пр-т Н. Абдирова 38//49.8069244//73.1043819;FRIDAY;09:00;18:00;;
DEPARTMENT//Караганда пр-т Н. Абдирова 38//49.8069244//73.1043819;MONDAY;09:00;18:00;;
DEPARTMENT//Караганда пр-т Н. Абдирова 38//49.8069244//73.1043819;SATURDAY;09:00;18:00;;
DEPARTMENT//Караганда пр-т Н. Абдирова 38//49.8069244//73.1043819;SUNDAY;09:00;18:00;;
DEPARTMENT//Караганда пр-т Н. Абдирова 38//49.8069244//73.1043819;THURSDAY;09:00;18:00;;
DEPARTMENT//Караганда пр-т Н. Абдирова 38//49.8069244//73.1043819;TUESDAY;09:00;18:00;;
DEPARTMENT//Караганда пр-т Н. Абдирова 38//49.8069244//73.1043819;WEDNESDAY;09:00;18:00;;
DEPARTMENT//Кокшетау ул. Горького дом 4//53.2927475//69.3837846;FRIDAY;09:00;19:00;;
DEPARTMENT//Кокшетау ул. Горького дом 4//53.2927475//69.3837846;MONDAY;09:00;19:00;;
DEPARTMENT//Кокшетау ул. Горького дом 4//53.2927475//69.3837846;SATURDAY;09:00;19:00;;
DEPARTMENT//Кокшетау ул. Горького дом 4//53.2927475//69.3837846;SUNDAY;09:00;19:00;;
DEPARTMENT//Кокшетау ул. Горького дом 4//53.2927475//69.3837846;THURSDAY;09:00;19:00;;
DEPARTMENT//Кокшетау ул. Горького дом 4//53.2927475//69.3837846;TUESDAY;09:00;19:00;;
DEPARTMENT//Кокшетау ул. Горького дом 4//53.2927475//69.3837846;WEDNESDAY;09:00;19:00;;
DEPARTMENT//Кокшетау ул. Абая  дом 143//53.2876887//69.4045664;FRIDAY;09:00;18:00;;
DEPARTMENT//Кокшетау ул. Абая  дом 143//53.2876887//69.4045664;MONDAY;09:00;18:00;;
DEPARTMENT//Кокшетау ул. Абая  дом 143//53.2876887//69.4045664;SATURDAY;09:00;18:00;;
DEPARTMENT//Кокшетау ул. Абая  дом 143//53.2876887//69.4045664;SUNDAY;09:00;18:00;;
DEPARTMENT//Кокшетау ул. Абая  дом 143//53.2876887//69.4045664;THURSDAY;09:00;18:00;;
DEPARTMENT//Кокшетау ул. Абая  дом 143//53.2876887//69.4045664;TUESDAY;09:00;18:00;;
DEPARTMENT//Кокшетау ул. Абая  дом 143//53.2876887//69.4045664;WEDNESDAY;09:00;18:00;;
DEPARTMENT//Костанай ул. 1 Мая дом 126//53.215423//63.6229473;FRIDAY;09:00;18:00;;
DEPARTMENT//Костанай ул. 1 Мая дом 126//53.215423//63.6229473;MONDAY;09:00;18:00;;
DEPARTMENT//Костанай ул. 1 Мая дом 126//53.215423//63.6229473;SATURDAY;09:00;18:00;;
DEPARTMENT//Костанай ул. 1 Мая дом 126//53.215423//63.6229473;SUNDAY;09:00;18:00;;
DEPARTMENT//Костанай ул. 1 Мая дом 126//53.215423//63.6229473;THURSDAY;09:00;18:00;;
DEPARTMENT//Костанай ул. 1 Мая дом 126//53.215423//63.6229473;TUESDAY;09:00;18:00;;
DEPARTMENT//Костанай ул. 1 Мая дом 126//53.215423//63.6229473;WEDNESDAY;09:00;18:00;;
DEPARTMENT//Костанай ул. Аль Фараби 67//53.2252698//63.605449;FRIDAY;10:30;19:30;;
DEPARTMENT//Костанай ул. Аль Фараби 67//53.2252698//63.605449;MONDAY;10:30;19:30;;
DEPARTMENT//Костанай ул. Аль Фараби 67//53.2252698//63.605449;SATURDAY;;;;
DEPARTMENT//Костанай ул. Аль Фараби 67//53.2252698//63.605449;SUNDAY;;;;
DEPARTMENT//Костанай ул. Аль Фараби 67//53.2252698//63.605449;THURSDAY;10:30;19:30;;
DEPARTMENT//Костанай ул. Аль Фараби 67//53.2252698//63.605449;TUESDAY;10:30;19:30;;
DEPARTMENT//Костанай ул. Аль Фараби 67//53.2252698//63.605449;WEDNESDAY;10:30;19:30;;
DEPARTMENT//Кызылорда пр-т Абая, дом 58//44.8108221//65.5187053;FRIDAY;09:00;19:00;;
DEPARTMENT//Кызылорда пр-т Абая, дом 58//44.8108221//65.5187053;MONDAY;09:00;19:00;;
DEPARTMENT//Кызылорда пр-т Абая, дом 58//44.8108221//65.5187053;SATURDAY;;;;
DEPARTMENT//Кызылорда пр-т Абая, дом 58//44.8108221//65.5187053;SUNDAY;;;;
DEPARTMENT//Кызылорда пр-т Абая, дом 58//44.8108221//65.5187053;THURSDAY;09:00;19:00;;
DEPARTMENT//Кызылорда пр-т Абая, дом 58//44.8108221//65.5187053;TUESDAY;09:00;19:00;;
DEPARTMENT//Кызылорда пр-т Абая, дом 58//44.8108221//65.5187053;WEDNESDAY;09:00;19:00;;
DEPARTMENT//Кызылорда ул. Токмаганбетова 5//44.846729//65.507074;FRIDAY;09:00;18:00;;
DEPARTMENT//Кызылорда ул. Токмаганбетова 5//44.846729//65.507074;MONDAY;09:00;18:00;;
DEPARTMENT//Кызылорда ул. Токмаганбетова 5//44.846729//65.507074;SATURDAY;;;;
DEPARTMENT//Кызылорда ул. Токмаганбетова 5//44.846729//65.507074;SUNDAY;;;;
DEPARTMENT//Кызылорда ул. Токмаганбетова 5//44.846729//65.507074;THURSDAY;09:00;18:00;;
DEPARTMENT//Кызылорда ул. Токмаганбетова 5//44.846729//65.507074;TUESDAY;09:00;18:00;;
DEPARTMENT//Кызылорда ул. Токмаганбетова 5//44.846729//65.507074;WEDNESDAY;09:00;18:00;;
DEPARTMENT//Павлодар ул. Лермонтова дом 60А//52.2910493//76.9483347;FRIDAY;09:00;18:00;;
DEPARTMENT//Павлодар ул. Лермонтова дом 60А//52.2910493//76.9483347;MONDAY;09:00;18:00;;
DEPARTMENT//Павлодар ул. Лермонтова дом 60А//52.2910493//76.9483347;SATURDAY;;;;
DEPARTMENT//Павлодар ул. Лермонтова дом 60А//52.2910493//76.9483347;SUNDAY;;;;
DEPARTMENT//Павлодар ул. Лермонтова дом 60А//52.2910493//76.9483347;THURSDAY;09:00;18:00;;
DEPARTMENT//Павлодар ул. Лермонтова дом 60А//52.2910493//76.9483347;TUESDAY;09:00;18:00;;
DEPARTMENT//Павлодар ул. Лермонтова дом 60А//52.2910493//76.9483347;WEDNESDAY;09:00;18:00;;
DEPARTMENT//Павлодар ул. Естая дом 89//52.2836855//76.9715439;FRIDAY;09:00;18:00;;
DEPARTMENT//Павлодар ул. Естая дом 89//52.2836855//76.9715439;MONDAY;09:00;18:00;;
DEPARTMENT//Павлодар ул. Естая дом 89//52.2836855//76.9715439;SATURDAY;;;;
DEPARTMENT//Павлодар ул. Естая дом 89//52.2836855//76.9715439;SUNDAY;;;;
DEPARTMENT//Павлодар ул. Естая дом 89//52.2836855//76.9715439;THURSDAY;09:00;18:00;;
DEPARTMENT//Павлодар ул. Естая дом 89//52.2836855//76.9715439;TUESDAY;09:00;18:00;;
DEPARTMENT//Павлодар ул. Естая дом 89//52.2836855//76.9715439;WEDNESDAY;09:00;18:00;;
DEPARTMENT//Петропавловск ул. Букетова дом 34//54.8692195//69.1373974;FRIDAY;09:00;18:00;;
DEPARTMENT//Петропавловск ул. Букетова дом 34//54.8692195//69.1373974;MONDAY;09:00;18:00;;
DEPARTMENT//Петропавловск ул. Букетова дом 34//54.8692195//69.1373974;SATURDAY;;;;
DEPARTMENT//Петропавловск ул. Букетова дом 34//54.8692195//69.1373974;SUNDAY;;;;
DEPARTMENT//Петропавловск ул. Букетова дом 34//54.8692195//69.1373974;THURSDAY;09:00;18:00;;
DEPARTMENT//Петропавловск ул. Букетова дом 34//54.8692195//69.1373974;TUESDAY;09:00;18:00;;
DEPARTMENT//Петропавловск ул. Букетова дом 34//54.8692195//69.1373974;WEDNESDAY;09:00;18:00;;
DEPARTMENT//Семей пр-т Шакарима дом 20 Б//50.4073694//80.2403531;FRIDAY;09:00;18:00;;
DEPARTMENT//Семей пр-т Шакарима дом 20 Б//50.4073694//80.2403531;MONDAY;09:00;18:00;;
DEPARTMENT//Семей пр-т Шакарима дом 20 Б//50.4073694//80.2403531;SATURDAY;;;;
DEPARTMENT//Семей пр-т Шакарима дом 20 Б//50.4073694//80.2403531;SUNDAY;;;;
DEPARTMENT//Семей пр-т Шакарима дом 20 Б//50.4073694//80.2403531;THURSDAY;09:00;18:00;;
DEPARTMENT//Семей пр-т Шакарима дом 20 Б//50.4073694//80.2403531;TUESDAY;09:00;18:00;;
DEPARTMENT//Семей пр-т Шакарима дом 20 Б//50.4073694//80.2403531;WEDNESDAY;09:00;18:00;;
DEPARTMENT//Семей мкр 15  дом 27 Б//50.3890942//80.2351807;FRIDAY;09:00;18:00;;
DEPARTMENT//Семей мкр 15  дом 27 Б//50.3890942//80.2351807;MONDAY;09:00;18:00;;
DEPARTMENT//Семей мкр 15  дом 27 Б//50.3890942//80.2351807;SATURDAY;;;;
DEPARTMENT//Семей мкр 15  дом 27 Б//50.3890942//80.2351807;SUNDAY;;;;
DEPARTMENT//Семей мкр 15  дом 27 Б//50.3890942//80.2351807;THURSDAY;09:00;18:00;;
DEPARTMENT//Семей мкр 15  дом 27 Б//50.3890942//80.2351807;TUESDAY;09:00;18:00;;
DEPARTMENT//Семей мкр 15  дом 27 Б//50.3890942//80.2351807;WEDNESDAY;09:00;18:00;;
DEPARTMENT//Талдыкорган  ул. Акын Сара дом 155//45.0157896//78.3805456;FRIDAY;09:00;18:00;;
DEPARTMENT//Талдыкорган  ул. Акын Сара дом 155//45.0157896//78.3805456;MONDAY;09:00;18:00;;
DEPARTMENT//Талдыкорган  ул. Акын Сара дом 155//45.0157896//78.3805456;SATURDAY;;;;
DEPARTMENT//Талдыкорган  ул. Акын Сара дом 155//45.0157896//78.3805456;SUNDAY;;;;
DEPARTMENT//Талдыкорган  ул. Акын Сара дом 155//45.0157896//78.3805456;THURSDAY;09:00;18:00;;
DEPARTMENT//Талдыкорган  ул. Акын Сара дом 155//45.0157896//78.3805456;TUESDAY;09:00;18:00;;
DEPARTMENT//Талдыкорган  ул. Акын Сара дом 155//45.0157896//78.3805456;WEDNESDAY;09:00;18:00;;
DEPARTMENT//Тараз ул. Казыбек би дом 111А//42.8975034//71.360885;FRIDAY;09:00;19:00;;
DEPARTMENT//Тараз ул. Казыбек би дом 111А//42.8975034//71.360885;MONDAY;09:00;19:00;;
DEPARTMENT//Тараз ул. Казыбек би дом 111А//42.8975034//71.360885;SATURDAY;;;;
DEPARTMENT//Тараз ул. Казыбек би дом 111А//42.8975034//71.360885;SUNDAY;;;;
DEPARTMENT//Тараз ул. Казыбек би дом 111А//42.8975034//71.360885;THURSDAY;09:00;19:00;;
DEPARTMENT//Тараз ул. Казыбек би дом 111А//42.8975034//71.360885;TUESDAY;09:00;19:00;;
DEPARTMENT//Тараз ул. Казыбек би дом 111А//42.8975034//71.360885;WEDNESDAY;09:00;19:00;;
DEPARTMENT//Тараз мкр. Самал (7)  д. 31//42.8930102//71.3527937;FRIDAY;09:00;18:00;;
DEPARTMENT//Тараз мкр. Самал (7)  д. 31//42.8930102//71.3527937;MONDAY;09:00;18:00;;
DEPARTMENT//Тараз мкр. Самал (7)  д. 31//42.8930102//71.3527937;SATURDAY;;;;
DEPARTMENT//Тараз мкр. Самал (7)  д. 31//42.8930102//71.3527937;SUNDAY;;;;
DEPARTMENT//Тараз мкр. Самал (7)  д. 31//42.8930102//71.3527937;THURSDAY;09:00;18:00;;
DEPARTMENT//Тараз мкр. Самал (7)  д. 31//42.8930102//71.3527937;TUESDAY;09:00;18:00;;
DEPARTMENT//Тараз мкр. Самал (7)  д. 31//42.8930102//71.3527937;WEDNESDAY;09:00;18:00;;
DEPARTMENT//Уральск пр. Евразии дом 103//51.2151192//51.3677823;FRIDAY;09:00;18:00;;
DEPARTMENT//Уральск пр. Евразии дом 103//51.2151192//51.3677823;MONDAY;09:00;18:00;;
DEPARTMENT//Уральск пр. Евразии дом 103//51.2151192//51.3677823;SATURDAY;;;;
DEPARTMENT//Уральск пр. Евразии дом 103//51.2151192//51.3677823;SUNDAY;;;;
DEPARTMENT//Уральск пр. Евразии дом 103//51.2151192//51.3677823;THURSDAY;09:00;18:00;;
DEPARTMENT//Уральск пр. Евразии дом 103//51.2151192//51.3677823;TUESDAY;09:00;18:00;;
DEPARTMENT//Уральск пр. Евразии дом 103//51.2151192//51.3677823;WEDNESDAY;09:00;18:00;;
DEPARTMENT//Уральск ул. Курманагазы дом 161//51.2139293//51.374405;FRIDAY;09:00;18:00;;
DEPARTMENT//Уральск ул. Курманагазы дом 161//51.2139293//51.374405;MONDAY;09:00;18:00;;
DEPARTMENT//Уральск ул. Курманагазы дом 161//51.2139293//51.374405;SATURDAY;;;;
DEPARTMENT//Уральск ул. Курманагазы дом 161//51.2139293//51.374405;SUNDAY;;;;
DEPARTMENT//Уральск ул. Курманагазы дом 161//51.2139293//51.374405;THURSDAY;09:00;18:00;;
DEPARTMENT//Уральск ул. Курманагазы дом 161//51.2139293//51.374405;TUESDAY;09:00;18:00;;
DEPARTMENT//Уральск ул. Курманагазы дом 161//51.2139293//51.374405;WEDNESDAY;09:00;18:00;;
DEPARTMENT//Усть-Каменогорск пр. Победы дом 9//49.9451183//82.6199412;FRIDAY;09:00;19:00;;
DEPARTMENT//Усть-Каменогорск пр. Победы дом 9//49.9451183//82.6199412;MONDAY;09:00;19:00;;
DEPARTMENT//Усть-Каменогорск пр. Победы дом 9//49.9451183//82.6199412;SATURDAY;;;;
DEPARTMENT//Усть-Каменогорск пр. Победы дом 9//49.9451183//82.6199412;SUNDAY;;;;
DEPARTMENT//Усть-Каменогорск пр. Победы дом 9//49.9451183//82.6199412;THURSDAY;09:00;19:00;;
DEPARTMENT//Усть-Каменогорск пр. Победы дом 9//49.9451183//82.6199412;TUESDAY;09:00;19:00;;
DEPARTMENT//Усть-Каменогорск пр. Победы дом 9//49.9451183//82.6199412;WEDNESDAY;09:00;19:00;;
DEPARTMENT//Усть-Каменогорск ул. Казахстан дом 90//49.9544609//82.6337072;FRIDAY;09:00;18:00;;
DEPARTMENT//Усть-Каменогорск ул. Казахстан дом 90//49.9544609//82.6337072;MONDAY;09:00;18:00;;
DEPARTMENT//Усть-Каменогорск ул. Казахстан дом 90//49.9544609//82.6337072;SATURDAY;09:00;18:00;;
DEPARTMENT//Усть-Каменогорск ул. Казахстан дом 90//49.9544609//82.6337072;SUNDAY;09:00;18:00;;
DEPARTMENT//Усть-Каменогорск ул. Казахстан дом 90//49.9544609//82.6337072;THURSDAY;09:00;18:00;;
DEPARTMENT//Усть-Каменогорск ул. Казахстан дом 90//49.9544609//82.6337072;TUESDAY;09:00;18:00;;
DEPARTMENT//Усть-Каменогорск ул. Казахстан дом 90//49.9544609//82.6337072;WEDNESDAY;09:00;18:00;;
DEPARTMENT//Шымкент ул. Кунаева дом 31//42.321775//69.5975546;FRIDAY;09:00;18:00;;
DEPARTMENT//Шымкент ул. Кунаева дом 31//42.321775//69.5975546;MONDAY;09:00;18:00;;
DEPARTMENT//Шымкент ул. Кунаева дом 31//42.321775//69.5975546;SATURDAY;;;;
DEPARTMENT//Шымкент ул. Кунаева дом 31//42.321775//69.5975546;SUNDAY;;;;
DEPARTMENT//Шымкент ул. Кунаева дом 31//42.321775//69.5975546;THURSDAY;09:00;18:00;;
DEPARTMENT//Шымкент ул. Кунаева дом 31//42.321775//69.5975546;TUESDAY;09:00;18:00;;
DEPARTMENT//Шымкент ул. Кунаева дом 31//42.321775//69.5975546;WEDNESDAY;09:00;18:00;;
DEPARTMENT//Шымкент  ул. Туркестанская 65//42.3118777//69.6114062;FRIDAY;09:00;18:00;;
DEPARTMENT//Шымкент  ул. Туркестанская 65//42.3118777//69.6114062;MONDAY;09:00;18:00;;
DEPARTMENT//Шымкент  ул. Туркестанская 65//42.3118777//69.6114062;SATURDAY;;;;
DEPARTMENT//Шымкент  ул. Туркестанская 65//42.3118777//69.6114062;SUNDAY;;;;
DEPARTMENT//Шымкент  ул. Туркестанская 65//42.3118777//69.6114062;THURSDAY;09:00;18:00;;
DEPARTMENT//Шымкент  ул. Туркестанская 65//42.3118777//69.6114062;TUESDAY;09:00;18:00;;
DEPARTMENT//Шымкент  ул. Туркестанская 65//42.3118777//69.6114062;WEDNESDAY;09:00;18:00;;
ATM//Алматы ул. Тимирязева 28 в//43.2296602//76.9329965;FRIDAY;00:00;00:00;;
ATM//Алматы ул. Тимирязева 28 в//43.2296602//76.9329965;MONDAY;00:00;00:00;;
ATM//Алматы ул. Тимирязева 28 в//43.2296602//76.9329965;SATURDAY;00:00;00:00;;
ATM//Алматы ул. Тимирязева 28 в//43.2296602//76.9329965;SUNDAY;00:00;00:00;;
ATM//Алматы ул. Тимирязева 28 в//43.2296602//76.9329965;THURSDAY;00:00;00:00;;
ATM//Алматы ул. Тимирязева 28 в//43.2296602//76.9329965;TUESDAY;00:00;00:00;;
ATM//Алматы ул. Тимирязева 28 в//43.2296602//76.9329965;WEDNESDAY;00:00;00:00;;
ATM//Алматы  ул. Гоголя д.39 а//43.2588922//76.9342196;FRIDAY;09:00;19:00;;
ATM//Алматы  ул. Гоголя д.39 а//43.2588922//76.9342196;SATURDAY;;;;
ATM//Алматы  ул. Гоголя д.39 а//43.2588922//76.9342196;SUNDAY;;;;
ATM//Алматы  ул. Гоголя д.39 а//43.2588922//76.9342196;THURSDAY;09:00;19:00;;
ATM//Алматы  ул. Гоголя д.39 а//43.2588922//76.9342196;TUESDAY;09:00;19:00;;
ATM//Алматы  ул. Гоголя д.39 а//43.2588922//76.9342196;WEDNESDAY;09:00;19:00;;
ATM//Алматы пр-т Абылай хана дом 64, №3//43.262886//76.9404682;FRIDAY;09:00;19:00;;
ATM//Алматы пр-т Абылай хана дом 64, №3//43.262886//76.9404682;MONDAY;09:00;19:00;;
ATM//Алматы пр-т Абылай хана дом 64, №3//43.262886//76.9404682;SATURDAY;;;;
ATM//Алматы пр-т Абылай хана дом 64, №3//43.262886//76.9404682;SUNDAY;;;;
ATM//Алматы пр-т Абылай хана дом 64, №3//43.262886//76.9404682;THURSDAY;09:00;19:00;;
ATM//Алматы пр-т Абылай хана дом 64, №3//43.262886//76.9404682;TUESDAY;09:00;19:00;;
ATM//Алматы пр-т Абылай хана дом 64, №3//43.262886//76.9404682;WEDNESDAY;09:00;19:00;;
ATM//Алматы ул. Толе би дом 234 б//43.2504052//76.883351;FRIDAY;09:00;18:00;;
ATM//Алматы ул. Толе би дом 234 б//43.2504052//76.883351;MONDAY;09:00;18:00;;
ATM//Алматы ул. Толе би дом 234 б//43.2504052//76.883351;SATURDAY;;;;
ATM//Алматы ул. Толе би дом 234 б//43.2504052//76.883351;SUNDAY;;;;
ATM//Алматы ул. Толе би дом 234 б//43.2504052//76.883351;THURSDAY;09:00;18:00;;
ATM//Алматы ул. Толе би дом 234 б//43.2504052//76.883351;TUESDAY;09:00;18:00;;
ATM//Алматы ул. Толе би дом 234 б//43.2504052//76.883351;WEDNESDAY;09:00;18:00;;
ATM//Алматы ул. Навои дом 310//43.1997053//76.8871241;FRIDAY;09:00;18:00;;
ATM//Алматы ул. Навои дом 310//43.1997053//76.8871241;MONDAY;09:00;18:00;;
ATM//Алматы ул. Навои дом 310//43.1997053//76.8871241;SATURDAY;;;;
ATM//Алматы ул. Навои дом 310//43.1997053//76.8871241;SUNDAY;;;;
ATM//Алматы ул. Навои дом 310//43.1997053//76.8871241;THURSDAY;09:00;18:00;;
ATM//Алматы ул. Навои дом 310//43.1997053//76.8871241;TUESDAY;09:00;18:00;;
ATM//Алматы ул. Навои дом 310//43.1997053//76.8871241;WEDNESDAY;09:00;18:00;;
ATM//Алматы ул. Фурманова 76//43.2317312//76.9497364;FRIDAY;09:00;18:00;;
ATM//Алматы ул. Фурманова 76//43.2317312//76.9497364;MONDAY;09:00;18:00;;
ATM//Алматы ул. Фурманова 76//43.2317312//76.9497364;SATURDAY;;;;
ATM//Алматы ул. Фурманова 76//43.2317312//76.9497364;SUNDAY;;;;
ATM//Алматы ул. Фурманова 76//43.2317312//76.9497364;THURSDAY;09:00;18:00;;
ATM//Алматы ул. Фурманова 76//43.2317312//76.9497364;TUESDAY;09:00;18:00;;
ATM//Алматы ул. Фурманова 76//43.2317312//76.9497364;WEDNESDAY;09:00;18:00;;
ATM//Алматы мкр Жетысу 4//43.229163//76.892935;FRIDAY;09:00;18:00;;
ATM//Алматы мкр Жетысу 4//43.229163//76.892935;MONDAY;09:00;18:00;;
ATM//Алматы мкр Жетысу 4//43.229163//76.892935;SATURDAY;;;;
ATM//Алматы мкр Жетысу 4//43.229163//76.892935;SUNDAY;;;;
ATM//Алматы мкр Жетысу 4//43.229163//76.892935;THURSDAY;09:00;18:00;;
ATM//Алматы мкр Жетысу 4//43.229163//76.892935;TUESDAY;09:00;18:00;;
ATM//Алматы мкр Жетысу 4//43.229163//76.892935;WEDNESDAY;09:00;18:00;;
ATM//Алматы ул. Ауэзова дом 69//43.2423609//76.9031489;FRIDAY;09:00;18:00;;
ATM//Алматы ул. Ауэзова дом 69//43.2423609//76.9031489;MONDAY;09:00;18:00;;
ATM//Алматы ул. Ауэзова дом 69//43.2423609//76.9031489;SATURDAY;;;;
ATM//Алматы ул. Ауэзова дом 69//43.2423609//76.9031489;SUNDAY;;;;
ATM//Алматы ул. Ауэзова дом 69//43.2423609//76.9031489;THURSDAY;09:00;18:00;;
ATM//Алматы ул. Ауэзова дом 69//43.2423609//76.9031489;TUESDAY;09:00;18:00;;
ATM//Алматы ул. Ауэзова дом 69//43.2423609//76.9031489;WEDNESDAY;09:00;18:00;;
ATM//Алматы ул. Бекмаханова №81//43.3483931//76.9649689;FRIDAY;08:00;19:00;;
ATM//Алматы ул. Бекмаханова №81//43.3483931//76.9649689;MONDAY;08:00;19:00;;
ATM//Алматы ул. Бекмаханова №81//43.3483931//76.9649689;SATURDAY;08:00;19:00;;
ATM//Алматы ул. Бекмаханова №81//43.3483931//76.9649689;SUNDAY;08:00;19:00;;
ATM//Алматы ул. Бекмаханова №81//43.3483931//76.9649689;THURSDAY;08:00;19:00;;
ATM//Алматы ул. Бекмаханова №81//43.3483931//76.9649689;TUESDAY;08:00;19:00;;
ATM//Алматы ул. Бекмаханова №81//43.3483931//76.9649689;WEDNESDAY;08:00;19:00;;
ATM//Алматы пр. Аль-Фараби 5//43.2291743//76.9469448;FRIDAY;00:00;00:00;;
ATM//Алматы пр. Аль-Фараби 5//43.2291743//76.9469448;MONDAY;00:00;00:00;;
ATM//Алматы пр. Аль-Фараби 5//43.2291743//76.9469448;SATURDAY;00:00;00:00;;
ATM//Алматы пр. Аль-Фараби 5//43.2291743//76.9469448;SUNDAY;00:00;00:00;;
ATM//Алматы пр. Аль-Фараби 5//43.2291743//76.9469448;THURSDAY;00:00;00:00;;
ATM//Алматы пр. Аль-Фараби 5//43.2291743//76.9469448;TUESDAY;00:00;00:00;;
ATM//Алматы пр. Аль-Фараби 5//43.2291743//76.9469448;WEDNESDAY;00:00;00:00;;
ATM//Алматы ул. Айтиева 23//43.2509007//76.9041855;FRIDAY;00:00;00:00;;
ATM//Алматы ул. Айтиева 23//43.2509007//76.9041855;MONDAY;00:00;00:00;;
ATM//Алматы ул. Айтиева 23//43.2509007//76.9041855;SATURDAY;00:00;00:00;;
ATM//Алматы ул. Айтиева 23//43.2509007//76.9041855;SUNDAY;00:00;00:00;;
ATM//Алматы ул. Айтиева 23//43.2509007//76.9041855;THURSDAY;00:00;00:00;;
ATM//Алматы ул. Айтиева 23//43.2509007//76.9041855;TUESDAY;00:00;00:00;;
ATM//Алматы ул. Айтиева 23//43.2509007//76.9041855;WEDNESDAY;00:00;00:00;;
ATM//Алматы ул. Оспанова 401/2//43.2016033//76.9748154;FRIDAY;00:00;00:00;;
ATM//Алматы ул. Оспанова 401/2//43.2016033//76.9748154;MONDAY;00:00;00:00;;
ATM//Алматы ул. Оспанова 401/2//43.2016033//76.9748154;SATURDAY;00:00;00:00;;
ATM//Алматы ул. Оспанова 401/2//43.2016033//76.9748154;SUNDAY;00:00;00:00;;
ATM//Алматы ул. Оспанова 401/2//43.2016033//76.9748154;THURSDAY;00:00;00:00;;
ATM//Алматы ул. Оспанова 401/2//43.2016033//76.9748154;TUESDAY;00:00;00:00;;
ATM//Алматы ул. Оспанова 401/2//43.2016033//76.9748154;WEDNESDAY;00:00;00:00;;
ATM//Астана ул. Достык  дом 12//51.1260799//71.426014;FRIDAY;09:00;19:00;;
ATM//Астана ул. Достык  дом 12//51.1260799//71.426014;MONDAY;09:00;19:00;;
ATM//Астана ул. Достык  дом 12//51.1260799//71.426014;SATURDAY;10:00;14:00;;
ATM//Астана ул. Достык  дом 12//51.1260799//71.426014;SUNDAY;10:00;14:00;;
ATM//Астана ул. Достык  дом 12//51.1260799//71.426014;THURSDAY;09:00;19:00;;
ATM//Астана ул. Достык  дом 12//51.1260799//71.426014;TUESDAY;09:00;19:00;;
ATM//Астана ул. Достык  дом 12//51.1260799//71.426014;WEDNESDAY;09:00;19:00;;
ATM//Астана ул. Иманова дом 11//51.1642042//71.4355959;FRIDAY;09:00;18:00;;
ATM//Астана ул. Иманова дом 11//51.1642042//71.4355959;MONDAY;09:00;18:00;;
ATM//Астана ул. Иманова дом 11//51.1642042//71.4355959;SATURDAY;;;;
ATM//Астана ул. Иманова дом 11//51.1642042//71.4355959;SUNDAY;;;;
ATM//Астана ул. Иманова дом 11//51.1642042//71.4355959;THURSDAY;09:00;18:00;;
ATM//Астана ул. Иманова дом 11//51.1642042//71.4355959;TUESDAY;09:00;18:00;;
ATM//Астана ул. Иманова дом 11//51.1642042//71.4355959;WEDNESDAY;09:00;18:00;;
ATM//Астана ул. Бейбитшилик дом 16//51.1792701//71.417674;FRIDAY;09:00;18:00;;
ATM//Астана ул. Бейбитшилик дом 16//51.1792701//71.417674;MONDAY;09:00;18:00;;
ATM//Астана ул. Бейбитшилик дом 16//51.1792701//71.417674;SATURDAY;;;;
ATM//Астана ул. Бейбитшилик дом 16//51.1792701//71.417674;SUNDAY;;;;
ATM//Астана ул. Бейбитшилик дом 16//51.1792701//71.417674;THURSDAY;09:00;18:00;;
ATM//Астана ул. Бейбитшилик дом 16//51.1792701//71.417674;TUESDAY;09:00;18:00;;
ATM//Астана ул. Бейбитшилик дом 16//51.1792701//71.417674;WEDNESDAY;09:00;18:00;;
ATM//Астана пр. Туран 30//51.1321035//71.4065378;FRIDAY;09:00;21:00;;
ATM//Астана пр. Туран 30//51.1321035//71.4065378;MONDAY;09:00;21:00;;
ATM//Астана пр. Туран 30//51.1321035//71.4065378;SATURDAY;09:00;21:00;;
ATM//Астана пр. Туран 30//51.1321035//71.4065378;SUNDAY;09:00;21:00;;
ATM//Астана пр. Туран 30//51.1321035//71.4065378;THURSDAY;09:00;21:00;;
ATM//Астана пр. Туран 30//51.1321035//71.4065378;TUESDAY;09:00;21:00;;
ATM//Астана пр. Туран 30//51.1321035//71.4065378;WEDNESDAY;09:00;21:00;;
ATM//Астана пл. 310 гвардейской дивизии 3//null//null;FRIDAY;00:00;00:00;;
ATM//Астана пл. 310 гвардейской дивизии 3//null//null;MONDAY;00:00;00:00;;
ATM//Астана пл. 310 гвардейской дивизии 3//null//null;SATURDAY;00:00;00:00;;
ATM//Астана пл. 310 гвардейской дивизии 3//null//null;SUNDAY;00:00;00:00;;
ATM//Астана пл. 310 гвардейской дивизии 3//null//null;THURSDAY;00:00;00:00;;
ATM//Астана пл. 310 гвардейской дивизии 3//null//null;TUESDAY;00:00;00:00;;
ATM//Астана пл. 310 гвардейской дивизии 3//null//null;WEDNESDAY;00:00;00:00;;
ATM//Астана ул. Достык 2//51.1279298//71.417463;FRIDAY;00:00;00:00;;
ATM//Астана ул. Достык 2//51.1279298//71.417463;MONDAY;00:00;00:00;;
ATM//Астана ул. Достык 2//51.1279298//71.417463;SATURDAY;00:00;00:00;;
ATM//Астана ул. Достык 2//51.1279298//71.417463;SUNDAY;00:00;00:00;;
ATM//Астана ул. Достык 2//51.1279298//71.417463;THURSDAY;00:00;00:00;;
ATM//Астана ул. Достык 2//51.1279298//71.417463;TUESDAY;00:00;00:00;;
ATM//Астана ул. Достык 2//51.1279298//71.417463;WEDNESDAY;00:00;00:00;;
ATM//Астана ул. Достык 2//51.1279298//71.417464;FRIDAY;00:00;00:00;;
ATM//Астана ул. Достык 2//51.1279298//71.417464;MONDAY;00:00;00:00;;
ATM//Астана ул. Достык 2//51.1279298//71.417464;SATURDAY;00:00;00:00;;
ATM//Астана ул. Достык 2//51.1279298//71.417464;SUNDAY;00:00;00:00;;
ATM//Астана ул. Достык 2//51.1279298//71.417464;THURSDAY;00:00;00:00;;
ATM//Астана ул. Достык 2//51.1279298//71.417464;TUESDAY;00:00;00:00;;
ATM//Астана ул. Достык 2//51.1279298//71.417464;WEDNESDAY;00:00;00:00;;
ATM//Астана ул. Косшыгулулы  8//51.1680199//71.3968468;FRIDAY;00:00;00:00;;
ATM//Астана ул. Косшыгулулы  8//51.1680199//71.3968468;MONDAY;00:00;00:00;;
ATM//Астана ул. Косшыгулулы  8//51.1680199//71.3968468;SATURDAY;00:00;00:00;;
ATM//Астана ул. Косшыгулулы  8//51.1680199//71.3968468;SUNDAY;00:00;00:00;;
ATM//Астана ул. Косшыгулулы  8//51.1680199//71.3968468;THURSDAY;00:00;00:00;;
ATM//Астана ул. Косшыгулулы  8//51.1680199//71.3968468;TUESDAY;00:00;00:00;;
ATM//Астана ул. Косшыгулулы  8//51.1680199//71.3968468;WEDNESDAY;00:00;00:00;;
ATM//Астана ул. Е-652, 2//51.0595331//71.4197243;FRIDAY;00:00;00:00;;
ATM//Астана ул. Е-652, 2//51.0595331//71.4197243;MONDAY;00:00;00:00;;
ATM//Астана ул. Е-652, 2//51.0595331//71.4197243;SATURDAY;00:00;00:00;;
ATM//Астана ул. Е-652, 2//51.0595331//71.4197243;SUNDAY;00:00;00:00;;
ATM//Астана ул. Е-652, 2//51.0595331//71.4197243;THURSDAY;00:00;00:00;;
ATM//Астана ул. Е-652, 2//51.0595331//71.4197243;TUESDAY;00:00;00:00;;
ATM//Астана ул. Е-652, 2//51.0595331//71.4197243;WEDNESDAY;00:00;00:00;;
ATM//Астана  пр. Республики 10//51.161204//71.4284239;FRIDAY;00:00;00:00;;
ATM//Астана  пр. Республики 10//51.161204//71.4284239;MONDAY;00:00;00:00;;
ATM//Астана  пр. Республики 10//51.161204//71.4284239;SATURDAY;00:00;00:00;;
ATM//Астана  пр. Республики 10//51.161204//71.4284239;SUNDAY;00:00;00:00;;
ATM//Астана  пр. Республики 10//51.161204//71.4284239;THURSDAY;00:00;00:00;;
ATM//Астана  пр. Республики 10//51.161204//71.4284239;TUESDAY;00:00;00:00;;
ATM//Астана  пр. Республики 10//51.161204//71.4284239;WEDNESDAY;00:00;00:00;;
ATM//Астана ул. Керей-Жанибек Ханов 18//51.1139258//71.4247907;FRIDAY;09:00;24:00;;
ATM//Астана ул. Керей-Жанибек Ханов 18//51.1139258//71.4247907;MONDAY;09:00;24:00;;
ATM//Астана ул. Керей-Жанибек Ханов 18//51.1139258//71.4247907;SATURDAY;09:00;24:00;;
ATM//Астана ул. Керей-Жанибек Ханов 18//51.1139258//71.4247907;SUNDAY;09:00;24:00;;
ATM//Астана ул. Керей-Жанибек Ханов 18//51.1139258//71.4247907;THURSDAY;09:00;24:00;;
ATM//Астана ул. Керей-Жанибек Ханов 18//51.1139258//71.4247907;TUESDAY;09:00;24:00;;
ATM//Астана ул. Керей-Жанибек Ханов 18//51.1139258//71.4247907;WEDNESDAY;09:00;24:00;;
ATM//Астана Сейфуллина 45/1//51.1733193//71.4344365;FRIDAY;10:00;22:00;;
ATM//Астана Сейфуллина 45/1//51.1733193//71.4344365;MONDAY;10:00;22:00;;
ATM//Астана Сейфуллина 45/1//51.1733193//71.4344365;SATURDAY;10:00;22:00;;
ATM//Астана Сейфуллина 45/1//51.1733193//71.4344365;SUNDAY;10:00;22:00;;
ATM//Астана Сейфуллина 45/1//51.1733193//71.4344365;THURSDAY;10:00;22:00;;
ATM//Астана Сейфуллина 45/1//51.1733193//71.4344365;TUESDAY;10:00;22:00;;
ATM//Астана Сейфуллина 45/1//51.1733193//71.4344365;WEDNESDAY;10:00;22:00;;
ATM//Астана  ул. Кабанбай батыра 5//51.1467331//71.4223693;FRIDAY;09:00;20:00;;
ATM//Астана  ул. Кабанбай батыра 5//51.1467331//71.4223693;MONDAY;09:00;20:00;;
ATM//Астана  ул. Кабанбай батыра 5//51.1467331//71.4223693;SATURDAY;09:00;20:00;;
ATM//Астана  ул. Кабанбай батыра 5//51.1467331//71.4223693;SUNDAY;09:00;20:00;;
ATM//Астана  ул. Кабанбай батыра 5//51.1467331//71.4223693;THURSDAY;09:00;20:00;;
ATM//Астана  ул. Кабанбай батыра 5//51.1467331//71.4223693;TUESDAY;09:00;20:00;;
ATM//Астана  ул. Кабанбай батыра 5//51.1467331//71.4223693;WEDNESDAY;09:00;20:00;;
ATM//Актау 14 мкр. дом 58//43.6584932//51.1442121;FRIDAY;09:00;19:00;;
ATM//Актау 14 мкр. дом 58//43.6584932//51.1442121;MONDAY;09:00;19:00;;
ATM//Актау 14 мкр. дом 58//43.6584932//51.1442121;SATURDAY;;;;
ATM//Актау 14 мкр. дом 58//43.6584932//51.1442121;SUNDAY;;;;
ATM//Актау 14 мкр. дом 58//43.6584932//51.1442121;THURSDAY;09:00;19:00;;
ATM//Актау 14 мкр. дом 58//43.6584932//51.1442121;TUESDAY;09:00;19:00;;
ATM//Актау 14 мкр. дом 58//43.6584932//51.1442121;WEDNESDAY;09:00;19:00;;
ATM//Актобе пр-т Абилкаирхана дом 25//50.3030545//57.1534692;FRIDAY;09:00;18:00;;
ATM//Актобе пр-т Абилкаирхана дом 25//50.3030545//57.1534692;MONDAY;09:00;18:00;;
ATM//Актобе пр-т Абилкаирхана дом 25//50.3030545//57.1534692;SATURDAY;;;;
ATM//Актобе пр-т Абилкаирхана дом 25//50.3030545//57.1534692;SUNDAY;;;;
ATM//Актобе пр-т Абилкаирхана дом 25//50.3030545//57.1534692;THURSDAY;09:00;18:00;;
ATM//Актобе пр-т Абилкаирхана дом 25//50.3030545//57.1534692;TUESDAY;09:00;18:00;;
ATM//Актобе пр-т Абилкаирхана дом 25//50.3030545//57.1534692;WEDNESDAY;09:00;18:00;;
ATM//Актобе ул. Братьев Жубановых дом 285//50.2841328//57.1622716;FRIDAY;09:00;18:00;;
ATM//Актобе ул. Братьев Жубановых дом 285//50.2841328//57.1622716;MONDAY;09:00;18:00;;
ATM//Актобе ул. Братьев Жубановых дом 285//50.2841328//57.1622716;SATURDAY;09:00;18:00;;
ATM//Актобе ул. Братьев Жубановых дом 285//50.2841328//57.1622716;SUNDAY;09:00;18:00;;
ATM//Актобе ул. Братьев Жубановых дом 285//50.2841328//57.1622716;THURSDAY;09:00;18:00;;
ATM//Актобе ул. Братьев Жубановых дом 285//50.2841328//57.1622716;TUESDAY;09:00;18:00;;
ATM//Актобе ул. Братьев Жубановых дом 285//50.2841328//57.1622716;WEDNESDAY;09:00;18:00;;
ATM//Актобе мкр.12, 21/Л//50.3179297//57.1468768;FRIDAY;10:00;23:00;;
ATM//Актобе мкр.12, 21/Л//50.3179297//57.1468768;MONDAY;10:00;23:00;;
ATM//Актобе мкр.12, 21/Л//50.3179297//57.1468768;SATURDAY;10:00;23:00;;
ATM//Актобе мкр.12, 21/Л//50.3179297//57.1468768;SUNDAY;10:00;23:00;;
ATM//Актобе мкр.12, 21/Л//50.3179297//57.1468768;THURSDAY;10:00;23:00;;
ATM//Актобе мкр.12, 21/Л//50.3179297//57.1468768;TUESDAY;10:00;23:00;;
ATM//Актобе мкр.12, 21/Л//50.3179297//57.1468768;WEDNESDAY;10:00;23:00;;
ATM//Атырау ул. Кулманова дом 111//47.1069783//51.9024243;FRIDAY;09:00;19:00;;
ATM//Атырау ул. Кулманова дом 111//47.1069783//51.9024243;MONDAY;09:00;19:00;;
ATM//Атырау ул. Кулманова дом 111//47.1069783//51.9024243;SATURDAY;;;;
ATM//Атырау ул. Кулманова дом 111//47.1069783//51.9024243;SUNDAY;;;;
ATM//Атырау ул. Кулманова дом 111//47.1069783//51.9024243;THURSDAY;09:00;19:00;;
ATM//Атырау ул. Кулманова дом 111//47.1069783//51.9024243;TUESDAY;09:00;19:00;;
ATM//Атырау ул. Кулманова дом 111//47.1069783//51.9024243;WEDNESDAY;09:00;19:00;;
ATM//Атырау пр-т Азаттык дом 64/2//47.0928568//51.9212518;FRIDAY;09:00;18:00;;
ATM//Атырау пр-т Азаттык дом 64/2//47.0928568//51.9212518;MONDAY;09:00;18:00;;
ATM//Атырау пр-т Азаттык дом 64/2//47.0928568//51.9212518;SATURDAY;09:00;18:00;;
ATM//Атырау пр-т Азаттык дом 64/2//47.0928568//51.9212518;SUNDAY;09:00;18:00;;
ATM//Атырау пр-т Азаттык дом 64/2//47.0928568//51.9212518;THURSDAY;09:00;18:00;;
ATM//Атырау пр-т Азаттык дом 64/2//47.0928568//51.9212518;TUESDAY;09:00;18:00;;
ATM//Атырау пр-т Азаттык дом 64/2//47.0928568//51.9212518;WEDNESDAY;09:00;18:00;;
ATM//Атырау ул.Утемисова корпус 116 А//47.1023817//51.92922;FRIDAY;10:00;21:00;;
ATM//Атырау ул.Утемисова корпус 116 А//47.1023817//51.92922;MONDAY;10:00;21:00;;
ATM//Атырау ул.Утемисова корпус 116 А//47.1023817//51.92922;SATURDAY;10:00;21:00;;
ATM//Атырау ул.Утемисова корпус 116 А//47.1023817//51.92922;SUNDAY;10:00;21:00;;
ATM//Атырау ул.Утемисова корпус 116 А//47.1023817//51.92922;THURSDAY;10:00;21:00;;
ATM//Атырау ул.Утемисова корпус 116 А//47.1023817//51.92922;TUESDAY;10:00;21:00;;
ATM//Атырау ул.Утемисова корпус 116 А//47.1023817//51.92922;WEDNESDAY;10:00;21:00;;
ATM//Атырау ул. Баймуханова 68 А//47.12945//51.9412858;FRIDAY;00:00;00:00;;
ATM//Атырау ул. Баймуханова 68 А//47.12945//51.9412858;MONDAY;00:00;00:00;;
ATM//Атырау ул. Баймуханова 68 А//47.12945//51.9412858;SATURDAY;00:00;00:00;;
ATM//Атырау ул. Баймуханова 68 А//47.12945//51.9412858;SUNDAY;00:00;00:00;;
ATM//Атырау ул. Баймуханова 68 А//47.12945//51.9412858;THURSDAY;00:00;00:00;;
ATM//Атырау ул. Баймуханова 68 А//47.12945//51.9412858;TUESDAY;00:00;00:00;;
ATM//Атырау ул. Баймуханова 68 А//47.12945//51.9412858;WEDNESDAY;00:00;00:00;;
ATM//Атырау п. Балыкчи. Стадион "Судоремонтника"//null//null;FRIDAY;09:00;22:00;;
ATM//Атырау п. Балыкчи. Стадион "Судоремонтника"//null//null;MONDAY;09:00;22:00;;
ATM//Атырау п. Балыкчи. Стадион "Судоремонтника"//null//null;SATURDAY;09:00;22:00;;
ATM//Атырау п. Балыкчи. Стадион "Судоремонтника"//null//null;SUNDAY;09:00;22:00;;
ATM//Атырау п. Балыкчи. Стадион "Судоремонтника"//null//null;THURSDAY;09:00;22:00;;
ATM//Атырау п. Балыкчи. Стадион "Судоремонтника"//null//null;TUESDAY;09:00;22:00;;
ATM//Атырау п. Балыкчи. Стадион "Судоремонтника"//null//null;WEDNESDAY;09:00;22:00;;
ATM//Караганда пр-т Бухар-Жырау дом 24//49.8128208//73.0808525;FRIDAY;09:00;19:00;;
ATM//Караганда пр-т Бухар-Жырау дом 24//49.8128208//73.0808525;MONDAY;09:00;19:00;;
ATM//Караганда пр-т Бухар-Жырау дом 24//49.8128208//73.0808525;SATURDAY;09:00;19:00;;
ATM//Караганда пр-т Бухар-Жырау дом 24//49.8128208//73.0808525;SUNDAY;09:00;19:00;;
ATM//Караганда пр-т Бухар-Жырау дом 24//49.8128208//73.0808525;THURSDAY;09:00;19:00;;
ATM//Караганда пр-т Бухар-Жырау дом 24//49.8128208//73.0808525;TUESDAY;09:00;19:00;;
ATM//Караганда пр-т Бухар-Жырау дом 24//49.8128208//73.0808525;WEDNESDAY;09:00;19:00;;
ATM//Караганда район им. Казыбек би пр-т Абдирова дом 15//49.8036813//73.0971725;FRIDAY;09:00;18:00;;
ATM//Караганда район им. Казыбек би пр-т Абдирова дом 15//49.8036813//73.0971725;MONDAY;09:00;18:00;;
ATM//Караганда район им. Казыбек би пр-т Абдирова дом 15//49.8036813//73.0971725;SATURDAY;09:00;18:00;;
ATM//Караганда район им. Казыбек би пр-т Абдирова дом 15//49.8036813//73.0971725;SUNDAY;09:00;18:00;;
ATM//Караганда район им. Казыбек би пр-т Абдирова дом 15//49.8036813//73.0971725;THURSDAY;09:00;18:00;;
ATM//Караганда район им. Казыбек би пр-т Абдирова дом 15//49.8036813//73.0971725;TUESDAY;09:00;18:00;;
ATM//Караганда район им. Казыбек би пр-т Абдирова дом 15//49.8036813//73.0971725;WEDNESDAY;09:00;18:00;;
ATM//Караганда пр-т Н. Абдирова 38//49.8069244//73.1043819;FRIDAY;09:00;18:00;;
ATM//Караганда пр-т Н. Абдирова 38//49.8069244//73.1043819;MONDAY;09:00;18:00;;
ATM//Караганда пр-т Н. Абдирова 38//49.8069244//73.1043819;SATURDAY;09:00;18:00;;
ATM//Караганда пр-т Н. Абдирова 38//49.8069244//73.1043819;SUNDAY;09:00;18:00;;
ATM//Караганда пр-т Н. Абдирова 38//49.8069244//73.1043819;THURSDAY;09:00;18:00;;
ATM//Караганда пр-т Н. Абдирова 38//49.8069244//73.1043819;TUESDAY;09:00;18:00;;
ATM//Караганда пр-т Н. Абдирова 38//49.8069244//73.1043819;WEDNESDAY;09:00;18:00;;
ATM//Караганда ул. Воинов-Интернационалистов 31//49.8022184//73.083753;FRIDAY;10:00;19:00;;
ATM//Караганда ул. Воинов-Интернационалистов 31//49.8022184//73.083753;MONDAY;10:00;19:00;;
ATM//Караганда ул. Воинов-Интернационалистов 31//49.8022184//73.083753;SATURDAY;10:00;19:00;;
ATM//Караганда ул. Воинов-Интернационалистов 31//49.8022184//73.083753;SUNDAY;10:00;19:00;;
ATM//Караганда ул. Воинов-Интернационалистов 31//49.8022184//73.083753;THURSDAY;10:00;19:00;;
ATM//Караганда ул. Воинов-Интернационалистов 31//49.8022184//73.083753;TUESDAY;10:00;19:00;;
ATM//Караганда ул. Воинов-Интернационалистов 31//49.8022184//73.083753;WEDNESDAY;10:00;19:00;;
ATM//Караганда ул. Кривогуза 45//49.8016164//73.0662918;FRIDAY;00:00;00:00;;
ATM//Караганда ул. Кривогуза 45//49.8016164//73.0662918;MONDAY;00:00;00:00;;
ATM//Караганда ул. Кривогуза 45//49.8016164//73.0662918;SATURDAY;00:00;00:00;;
ATM//Караганда ул. Кривогуза 45//49.8016164//73.0662918;SUNDAY;00:00;00:00;;
ATM//Караганда ул. Кривогуза 45//49.8016164//73.0662918;THURSDAY;00:00;00:00;;
ATM//Караганда ул. Кривогуза 45//49.8016164//73.0662918;TUESDAY;00:00;00:00;;
ATM//Караганда ул. Кривогуза 45//49.8016164//73.0662918;WEDNESDAY;00:00;00:00;;
ATM//Кокшетау ул. Горького дом 4//53.2927475//69.3837846;FRIDAY;09:00;19:00;;
ATM//Кокшетау ул. Горького дом 4//53.2927475//69.3837846;MONDAY;09:00;19:00;;
ATM//Кокшетау ул. Горького дом 4//53.2927475//69.3837846;SATURDAY;09:00;19:00;;
ATM//Кокшетау ул. Горького дом 4//53.2927475//69.3837846;SUNDAY;09:00;19:00;;
ATM//Кокшетау ул. Горького дом 4//53.2927475//69.3837846;THURSDAY;09:00;19:00;;
ATM//Кокшетау ул. Горького дом 4//53.2927475//69.3837846;TUESDAY;09:00;19:00;;
ATM//Кокшетау ул. Горького дом 4//53.2927475//69.3837846;WEDNESDAY;09:00;19:00;;
ATM//Кокшетау ул. Абая  дом 143//53.2876887//69.4045664;FRIDAY;09:00;18:00;;
ATM//Кокшетау ул. Абая  дом 143//53.2876887//69.4045664;MONDAY;09:00;18:00;;
ATM//Кокшетау ул. Абая  дом 143//53.2876887//69.4045664;SATURDAY;09:00;18:00;;
ATM//Кокшетау ул. Абая  дом 143//53.2876887//69.4045664;SUNDAY;09:00;18:00;;
ATM//Кокшетау ул. Абая  дом 143//53.2876887//69.4045664;THURSDAY;09:00;18:00;;
ATM//Кокшетау ул. Абая  дом 143//53.2876887//69.4045664;TUESDAY;09:00;18:00;;
ATM//Кокшетау ул. Абая  дом 143//53.2876887//69.4045664;WEDNESDAY;09:00;18:00;;
ATM//Кокшетау ул. Вернадского 8//null//null;FRIDAY;08:00;22:00;;
ATM//Кокшетау ул. Вернадского 8//null//null;MONDAY;08:00;22:00;;
ATM//Кокшетау ул. Вернадского 8//null//null;SATURDAY;08:00;22:00;;
ATM//Кокшетау ул. Вернадского 8//null//null;SUNDAY;08:00;22:00;;
ATM//Кокшетау ул. Вернадского 8//null//null;THURSDAY;08:00;22:00;;
ATM//Кокшетау ул. Вернадского 8//null//null;TUESDAY;08:00;22:00;;
ATM//Кокшетау ул. Вернадского 8//null//null;WEDNESDAY;08:00;22:00;;
ATM//Кокшетау ул. Абая 93//53.2877104//69.4048435;FRIDAY;00:00;00:00;;
ATM//Кокшетау ул. Абая 93//53.2877104//69.4048435;MONDAY;00:00;00:00;;
ATM//Кокшетау ул. Абая 93//53.2877104//69.4048435;SATURDAY;00:00;00:00;;
ATM//Кокшетау ул. Абая 93//53.2877104//69.4048435;SUNDAY;00:00;00:00;;
ATM//Кокшетау ул. Абая 93//53.2877104//69.4048435;THURSDAY;00:00;00:00;;
ATM//Кокшетау ул. Абая 93//53.2877104//69.4048435;TUESDAY;00:00;00:00;;
ATM//Кокшетау ул. Абая 93//53.2877104//69.4048435;WEDNESDAY;00:00;00:00;;
ATM//Кокшетау ул. Горького 64 А//53.2830506//69.3876299;FRIDAY;00:00;00:00;;
ATM//Кокшетау ул. Горького 64 А//53.2830506//69.3876299;MONDAY;00:00;00:00;;
ATM//Кокшетау ул. Горького 64 А//53.2830506//69.3876299;SATURDAY;00:00;00:00;;
ATM//Кокшетау ул. Горького 64 А//53.2830506//69.3876299;SUNDAY;00:00;00:00;;
ATM//Кокшетау ул. Горького 64 А//53.2830506//69.3876299;THURSDAY;00:00;00:00;;
ATM//Кокшетау ул. Горького 64 А//53.2830506//69.3876299;TUESDAY;00:00;00:00;;
ATM//Кокшетау ул. Горького 64 А//53.2830506//69.3876299;WEDNESDAY;00:00;00:00;;
ATM//Кокшетау ул. Саина 7//53.2726014//69.4251734;FRIDAY;00:00;00:00;;
ATM//Кокшетау ул. Саина 7//53.2726014//69.4251734;MONDAY;00:00;00:00;;
ATM//Кокшетау ул. Саина 7//53.2726014//69.4251734;SATURDAY;00:00;00:00;;
ATM//Кокшетау ул. Саина 7//53.2726014//69.4251734;SUNDAY;00:00;00:00;;
ATM//Кокшетау ул. Саина 7//53.2726014//69.4251734;THURSDAY;00:00;00:00;;
ATM//Кокшетау ул. Саина 7//53.2726014//69.4251734;TUESDAY;00:00;00:00;;
ATM//Кокшетау ул. Саина 7//53.2726014//69.4251734;WEDNESDAY;00:00;00:00;;
ATM//Костанай ул. 1 Мая дом 126//53.215423//63.6229473;FRIDAY;09:00;18:00;;
ATM//Костанай ул. 1 Мая дом 126//53.215423//63.6229473;MONDAY;09:00;18:00;;
ATM//Костанай ул. 1 Мая дом 126//53.215423//63.6229473;SATURDAY;09:00;18:00;;
ATM//Костанай ул. 1 Мая дом 126//53.215423//63.6229473;SUNDAY;09:00;18:00;;
ATM//Костанай ул. 1 Мая дом 126//53.215423//63.6229473;THURSDAY;09:00;18:00;;
ATM//Костанай ул. 1 Мая дом 126//53.215423//63.6229473;TUESDAY;09:00;18:00;;
ATM//Костанай ул. 1 Мая дом 126//53.215423//63.6229473;WEDNESDAY;09:00;18:00;;
ATM//Костанай ул. Аль Фараби 67//53.2252698//63.605449;FRIDAY;10:30;19:30;;
ATM//Костанай ул. Аль Фараби 67//53.2252698//63.605449;MONDAY;10:30;19:30;;
ATM//Костанай ул. Аль Фараби 67//53.2252698//63.605449;SATURDAY;;;;
ATM//Костанай ул. Аль Фараби 67//53.2252698//63.605449;SUNDAY;;;;
ATM//Костанай ул. Аль Фараби 67//53.2252698//63.605449;THURSDAY;10:30;19:30;;
ATM//Костанай ул. Аль Фараби 67//53.2252698//63.605449;TUESDAY;10:30;19:30;;
ATM//Костанай ул. Аль Фараби 67//53.2252698//63.605449;WEDNESDAY;10:30;19:30;;
ATM//Костанай ул. Аль-Фараби, 48//53.2252698//63.605449;FRIDAY;09:00;22:00;;
ATM//Костанай ул. Аль-Фараби, 48//53.2252698//63.605449;MONDAY;09:00;22:00;;
ATM//Костанай ул. Аль-Фараби, 48//53.2252698//63.605449;SATURDAY;09:00;22:00;;
ATM//Костанай ул. Аль-Фараби, 48//53.2252698//63.605449;SUNDAY;09:00;22:00;;
ATM//Костанай ул. Аль-Фараби, 48//53.2252698//63.605449;THURSDAY;09:00;22:00;;
ATM//Костанай ул. Аль-Фараби, 48//53.2252698//63.605449;TUESDAY;09:00;22:00;;
ATM//Костанай ул. Аль-Фараби, 48//53.2252698//63.605449;WEDNESDAY;09:00;22:00;;
ATM//Кызылорда пр-т Абая, дом 58//44.8108221//65.5187053;FRIDAY;09:00;19:00;;
ATM//Кызылорда пр-т Абая, дом 58//44.8108221//65.5187053;MONDAY;09:00;19:00;;
ATM//Кызылорда пр-т Абая, дом 58//44.8108221//65.5187053;SATURDAY;;;;
ATM//Кызылорда пр-т Абая, дом 58//44.8108221//65.5187053;SUNDAY;;;;
ATM//Кызылорда пр-т Абая, дом 58//44.8108221//65.5187053;THURSDAY;09:00;19:00;;
ATM//Кызылорда пр-т Абая, дом 58//44.8108221//65.5187053;TUESDAY;09:00;19:00;;
ATM//Кызылорда пр-т Абая, дом 58//44.8108221//65.5187053;WEDNESDAY;09:00;19:00;;
ATM//Кызылорда ул. Токмаганбетова 5//44.846729//65.507074;FRIDAY;09:00;18:00;;
ATM//Кызылорда ул. Токмаганбетова 5//44.846729//65.507074;MONDAY;09:00;18:00;;
ATM//Кызылорда ул. Токмаганбетова 5//44.846729//65.507074;SATURDAY;;;;
ATM//Кызылорда ул. Токмаганбетова 5//44.846729//65.507074;SUNDAY;;;;
ATM//Кызылорда ул. Токмаганбетова 5//44.846729//65.507074;THURSDAY;09:00;18:00;;
ATM//Кызылорда ул. Токмаганбетова 5//44.846729//65.507074;TUESDAY;09:00;18:00;;
ATM//Кызылорда ул. Токмаганбетова 5//44.846729//65.507074;WEDNESDAY;09:00;18:00;;
ATM//Кызылорда ул. Жанкожа Батыра 1//44.8667303//65.5181912;FRIDAY;00:00;00:00;;
ATM//Кызылорда ул. Жанкожа Батыра 1//44.8667303//65.5181912;MONDAY;00:00;00:00;;
ATM//Кызылорда ул. Жанкожа Батыра 1//44.8667303//65.5181912;SATURDAY;00:00;00:00;;
ATM//Кызылорда ул. Жанкожа Батыра 1//44.8667303//65.5181912;SUNDAY;00:00;00:00;;
ATM//Кызылорда ул. Жанкожа Батыра 1//44.8667303//65.5181912;THURSDAY;00:00;00:00;;
ATM//Кызылорда ул. Жанкожа Батыра 1//44.8667303//65.5181912;TUESDAY;00:00;00:00;;
ATM//Кызылорда ул. Жанкожа Батыра 1//44.8667303//65.5181912;WEDNESDAY;00:00;00:00;;
ATM//г. Кызылорда ул. Жибек Жолы 20//44.7702228//65.5674645;FRIDAY;10:00;21:00;;
ATM//г. Кызылорда ул. Жибек Жолы 20//44.7702228//65.5674645;MONDAY;10:00;21:00;;
ATM//г. Кызылорда ул. Жибек Жолы 20//44.7702228//65.5674645;SATURDAY;10:00;21:00;;
ATM//г. Кызылорда ул. Жибек Жолы 20//44.7702228//65.5674645;SUNDAY;10:00;21:00;;
ATM//г. Кызылорда ул. Жибек Жолы 20//44.7702228//65.5674645;THURSDAY;10:00;21:00;;
ATM//г. Кызылорда ул. Жибек Жолы 20//44.7702228//65.5674645;TUESDAY;10:00;21:00;;
ATM//г. Кызылорда ул. Жибек Жолы 20//44.7702228//65.5674645;WEDNESDAY;10:00;21:00;;
ATM//Павлодар ул. Лермонтова дом 60А//52.2910493//76.9483347;FRIDAY;09:00;18:00;;
ATM//Павлодар ул. Лермонтова дом 60А//52.2910493//76.9483347;MONDAY;09:00;18:00;;
ATM//Павлодар ул. Лермонтова дом 60А//52.2910493//76.9483347;SATURDAY;;;;
ATM//Павлодар ул. Лермонтова дом 60А//52.2910493//76.9483347;SUNDAY;;;;
ATM//Павлодар ул. Лермонтова дом 60А//52.2910493//76.9483347;THURSDAY;09:00;18:00;;
ATM//Павлодар ул. Лермонтова дом 60А//52.2910493//76.9483347;TUESDAY;09:00;18:00;;
ATM//Павлодар ул. Лермонтова дом 60А//52.2910493//76.9483347;WEDNESDAY;09:00;18:00;;
ATM//Павлодар ул. Естая дом 89//52.2836855//76.9715439;FRIDAY;09:00;18:00;;
ATM//Павлодар ул. Естая дом 89//52.2836855//76.9715439;MONDAY;09:00;18:00;;
ATM//Павлодар ул. Естая дом 89//52.2836855//76.9715439;SATURDAY;;;;
ATM//Павлодар ул. Естая дом 89//52.2836855//76.9715439;SUNDAY;;;;
ATM//Павлодар ул. Естая дом 89//52.2836855//76.9715439;THURSDAY;09:00;18:00;;
ATM//Павлодар ул. Естая дом 89//52.2836855//76.9715439;TUESDAY;09:00;18:00;;
ATM//Павлодар ул. Естая дом 89//52.2836855//76.9715439;WEDNESDAY;09:00;18:00;;
ATM//Павлодар ул. Камзина 171//52.2622799//76.9856193;FRIDAY;00:00;00:00;;
ATM//Павлодар ул. Камзина 171//52.2622799//76.9856193;MONDAY;00:00;00:00;;
ATM//Павлодар ул. Камзина 171//52.2622799//76.9856193;SATURDAY;00:00;00:00;;
ATM//Павлодар ул. Камзина 171//52.2622799//76.9856193;SUNDAY;00:00;00:00;;
ATM//Павлодар ул. Камзина 171//52.2622799//76.9856193;THURSDAY;00:00;00:00;;
ATM//Павлодар ул. Камзина 171//52.2622799//76.9856193;TUESDAY;00:00;00:00;;
ATM//Павлодар ул. Камзина 171//52.2622799//76.9856193;WEDNESDAY;00:00;00:00;;
ATM//Павлодар ул. М. Исиналиева 58//52.2790616//76.9455531;FRIDAY;00:00;00:00;;
ATM//Павлодар ул. М. Исиналиева 58//52.2790616//76.9455531;MONDAY;00:00;00:00;;
ATM//Павлодар ул. М. Исиналиева 58//52.2790616//76.9455531;SATURDAY;00:00;00:00;;
ATM//Павлодар ул. М. Исиналиева 58//52.2790616//76.9455531;SUNDAY;00:00;00:00;;
ATM//Павлодар ул. М. Исиналиева 58//52.2790616//76.9455531;THURSDAY;00:00;00:00;;
ATM//Павлодар ул. М. Исиналиева 58//52.2790616//76.9455531;TUESDAY;00:00;00:00;;
ATM//Павлодар ул. М. Исиналиева 58//52.2790616//76.9455531;WEDNESDAY;00:00;00:00;;
ATM//Павлодар ул. Торайгырова 113//52.2980597//76.9691715;FRIDAY;00:00;00:00;;
ATM//Павлодар ул. Торайгырова 113//52.2980597//76.9691715;MONDAY;00:00;00:00;;
ATM//Павлодар ул. Торайгырова 113//52.2980597//76.9691715;SATURDAY;00:00;00:00;;
ATM//Павлодар ул. Торайгырова 113//52.2980597//76.9691715;SUNDAY;00:00;00:00;;
ATM//Павлодар ул. Торайгырова 113//52.2980597//76.9691715;THURSDAY;00:00;00:00;;
ATM//Павлодар ул. Торайгырова 113//52.2980597//76.9691715;TUESDAY;00:00;00:00;;
ATM//Павлодар ул. Торайгырова 113//52.2980597//76.9691715;WEDNESDAY;00:00;00:00;;
ATM//Петропавловск ул. Букетова дом 34//54.8692195//69.1373974;FRIDAY;09:00;18:00;;
ATM//Петропавловск ул. Букетова дом 34//54.8692195//69.1373974;MONDAY;09:00;18:00;;
ATM//Петропавловск ул. Букетова дом 34//54.8692195//69.1373974;SATURDAY;;;;
ATM//Петропавловск ул. Букетова дом 34//54.8692195//69.1373974;SUNDAY;;;;
ATM//Петропавловск ул. Букетова дом 34//54.8692195//69.1373974;THURSDAY;09:00;18:00;;
ATM//Петропавловск ул. Букетова дом 34//54.8692195//69.1373974;TUESDAY;09:00;18:00;;
ATM//Петропавловск ул. Букетова дом 34//54.8692195//69.1373974;WEDNESDAY;09:00;18:00;;
ATM//Петропавловск ул. Батыр Баяна 61//54.8606408//69.1681356;FRIDAY;09:00;22:00;;
ATM//Петропавловск ул. Батыр Баяна 61//54.8606408//69.1681356;MONDAY;09:00;22:00;;
ATM//Петропавловск ул. Батыр Баяна 61//54.8606408//69.1681356;SATURDAY;09:00;22:00;;
ATM//Петропавловск ул. Батыр Баяна 61//54.8606408//69.1681356;SUNDAY;09:00;22:00;;
ATM//Петропавловск ул. Батыр Баяна 61//54.8606408//69.1681356;THURSDAY;09:00;22:00;;
ATM//Петропавловск ул. Батыр Баяна 61//54.8606408//69.1681356;TUESDAY;09:00;22:00;;
ATM//Петропавловск ул. Батыр Баяна 61//54.8606408//69.1681356;WEDNESDAY;09:00;22:00;;
ATM//Мамлютка ул. Скачкова 37//54.9497557//68.5265487;FRIDAY;00:00;00:00;;
ATM//Мамлютка ул. Скачкова 37//54.9497557//68.5265487;MONDAY;00:00;00:00;;
ATM//Мамлютка ул. Скачкова 37//54.9497557//68.5265487;SATURDAY;00:00;00:00;;
ATM//Мамлютка ул. Скачкова 37//54.9497557//68.5265487;SUNDAY;00:00;00:00;;
ATM//Мамлютка ул. Скачкова 37//54.9497557//68.5265487;THURSDAY;00:00;00:00;;
ATM//Мамлютка ул. Скачкова 37//54.9497557//68.5265487;TUESDAY;00:00;00:00;;
ATM//Мамлютка ул. Скачкова 37//54.9497557//68.5265487;WEDNESDAY;00:00;00:00;;
ATM//Семей пр-т Шакарима дом 20 Б//50.4073694//80.2403531;FRIDAY;09:00;18:00;;
ATM//Семей пр-т Шакарима дом 20 Б//50.4073694//80.2403531;MONDAY;09:00;18:00;;
ATM//Семей пр-т Шакарима дом 20 Б//50.4073694//80.2403531;SATURDAY;;;;
ATM//Семей пр-т Шакарима дом 20 Б//50.4073694//80.2403531;SUNDAY;;;;
ATM//Семей пр-т Шакарима дом 20 Б//50.4073694//80.2403531;THURSDAY;09:00;18:00;;
ATM//Семей пр-т Шакарима дом 20 Б//50.4073694//80.2403531;TUESDAY;09:00;18:00;;
ATM//Семей пр-т Шакарима дом 20 Б//50.4073694//80.2403531;WEDNESDAY;09:00;18:00;;
ATM//Семей мкр 15  дом 27 Б//50.3890942//80.2351807;FRIDAY;09:00;18:00;;
ATM//Семей мкр 15  дом 27 Б//50.3890942//80.2351807;MONDAY;09:00;18:00;;
ATM//Семей мкр 15  дом 27 Б//50.3890942//80.2351807;SATURDAY;;;;
ATM//Семей мкр 15  дом 27 Б//50.3890942//80.2351807;SUNDAY;;;;
ATM//Семей мкр 15  дом 27 Б//50.3890942//80.2351807;THURSDAY;09:00;18:00;;
ATM//Семей мкр 15  дом 27 Б//50.3890942//80.2351807;TUESDAY;09:00;18:00;;
ATM//Семей мкр 15  дом 27 Б//50.3890942//80.2351807;WEDNESDAY;09:00;18:00;;
ATM//Семей Шугаева 28//50.4285177//80.2349938;FRIDAY;10:00;20:00;;
ATM//Семей Шугаева 28//50.4285177//80.2349938;MONDAY;10:00;20:00;;
ATM//Семей Шугаева 28//50.4285177//80.2349938;SATURDAY;10:00;20:00;;
ATM//Семей Шугаева 28//50.4285177//80.2349938;SUNDAY;10:00;20:00;;
ATM//Семей Шугаева 28//50.4285177//80.2349938;THURSDAY;10:00;20:00;;
ATM//Семей Шугаева 28//50.4285177//80.2349938;TUESDAY;10:00;20:00;;
ATM//Семей Шугаева 28//50.4285177//80.2349938;WEDNESDAY;10:00;20:00;;
ATM//Талдыкорган  ул. Акын Сара дом 155//45.0157896//78.3805456;FRIDAY;09:00;18:00;;
ATM//Талдыкорган  ул. Акын Сара дом 155//45.0157896//78.3805456;MONDAY;09:00;18:00;;
ATM//Талдыкорган  ул. Акын Сара дом 155//45.0157896//78.3805456;SATURDAY;;;;
ATM//Талдыкорган  ул. Акын Сара дом 155//45.0157896//78.3805456;SUNDAY;;;;
ATM//Талдыкорган  ул. Акын Сара дом 155//45.0157896//78.3805456;THURSDAY;09:00;18:00;;
ATM//Талдыкорган  ул. Акын Сара дом 155//45.0157896//78.3805456;TUESDAY;09:00;18:00;;
ATM//Талдыкорган  ул. Акын Сара дом 155//45.0157896//78.3805456;WEDNESDAY;09:00;18:00;;
ATM//Текели ул. Сатпаева 1//44.8552664//78.815987;FRIDAY;00:00;00:00;;
ATM//Текели ул. Сатпаева 1//44.8552664//78.815987;MONDAY;00:00;00:00;;
ATM//Текели ул. Сатпаева 1//44.8552664//78.815987;SATURDAY;00:00;00:00;;
ATM//Текели ул. Сатпаева 1//44.8552664//78.815987;SUNDAY;00:00;00:00;;
ATM//Текели ул. Сатпаева 1//44.8552664//78.815987;THURSDAY;00:00;00:00;;
ATM//Текели ул. Сатпаева 1//44.8552664//78.815987;TUESDAY;00:00;00:00;;
ATM//Текели ул. Сатпаева 1//44.8552664//78.815987;WEDNESDAY;00:00;00:00;;
ATM//Талдыкорган мкр. Молодежный 39А//44.9975811//78.3608812;FRIDAY;00:00;00:00;;
ATM//Талдыкорган мкр. Молодежный 39А//44.9975811//78.3608812;MONDAY;00:00;00:00;;
ATM//Талдыкорган мкр. Молодежный 39А//44.9975811//78.3608812;SATURDAY;00:00;00:00;;
ATM//Талдыкорган мкр. Молодежный 39А//44.9975811//78.3608812;SUNDAY;00:00;00:00;;
ATM//Талдыкорган мкр. Молодежный 39А//44.9975811//78.3608812;THURSDAY;00:00;00:00;;
ATM//Талдыкорган мкр. Молодежный 39А//44.9975811//78.3608812;TUESDAY;00:00;00:00;;
ATM//Талдыкорган мкр. Молодежный 39А//44.9975811//78.3608812;WEDNESDAY;00:00;00:00;;
ATM//Талдыкорган п. Мойнак строение 200//null//null;FRIDAY;08:00;17:00;;
ATM//Талдыкорган п. Мойнак строение 200//null//null;MONDAY;08:00;17:00;;
ATM//Талдыкорган п. Мойнак строение 200//null//null;SATURDAY;08:00;17:00;;
ATM//Талдыкорган п. Мойнак строение 200//null//null;SUNDAY;08:00;17:00;;
ATM//Талдыкорган п. Мойнак строение 200//null//null;THURSDAY;08:00;17:00;;
ATM//Талдыкорган п. Мойнак строение 200//null//null;TUESDAY;08:00;17:00;;
ATM//Талдыкорган п. Мойнак строение 200//null//null;WEDNESDAY;08:00;17:00;;
ATM//Талдыкорган ул. Райымбека 35//null//null;FRIDAY;00:00;00:00;;
ATM//Талдыкорган ул. Райымбека 35//null//null;MONDAY;00:00;00:00;;
ATM//Талдыкорган ул. Райымбека 35//null//null;SATURDAY;00:00;00:00;;
ATM//Талдыкорган ул. Райымбека 35//null//null;SUNDAY;00:00;00:00;;
ATM//Талдыкорган ул. Райымбека 35//null//null;THURSDAY;00:00;00:00;;
ATM//Талдыкорган ул. Райымбека 35//null//null;TUESDAY;00:00;00:00;;
ATM//Талдыкорган ул. Райымбека 35//null//null;WEDNESDAY;00:00;00:00;;
ATM//Талдыкорган ул. Гаухар Ана 87 В//45.0243625//78.3587624;FRIDAY;08:00;21:00;;
ATM//Талдыкорган ул. Гаухар Ана 87 В//45.0243625//78.3587624;MONDAY;08:00;21:00;;
ATM//Талдыкорган ул. Гаухар Ана 87 В//45.0243625//78.3587624;SATURDAY;08:00;21:00;;
ATM//Талдыкорган ул. Гаухар Ана 87 В//45.0243625//78.3587624;SUNDAY;08:00;21:00;;
ATM//Талдыкорган ул. Гаухар Ана 87 В//45.0243625//78.3587624;THURSDAY;08:00;21:00;;
ATM//Талдыкорган ул. Гаухар Ана 87 В//45.0243625//78.3587624;TUESDAY;08:00;21:00;;
ATM//Талдыкорган ул. Гаухар Ана 87 В//45.0243625//78.3587624;WEDNESDAY;08:00;21:00;;
ATM//Тараз ул. Казыбек би дом 111А//42.8975034//71.360885;FRIDAY;09:00;19:00;;
ATM//Тараз ул. Казыбек би дом 111А//42.8975034//71.360885;MONDAY;09:00;19:00;;
ATM//Тараз ул. Казыбек би дом 111А//42.8975034//71.360885;SATURDAY;;;;
ATM//Тараз ул. Казыбек би дом 111А//42.8975034//71.360885;SUNDAY;;;;
ATM//Тараз ул. Казыбек би дом 111А//42.8975034//71.360885;THURSDAY;09:00;19:00;;
ATM//Тараз ул. Казыбек би дом 111А//42.8975034//71.360885;TUESDAY;09:00;19:00;;
ATM//Тараз ул. Казыбек би дом 111А//42.8975034//71.360885;WEDNESDAY;09:00;19:00;;
ATM//Тараз мкр. Самал (7)  д. 31//42.8930102//71.3527937;FRIDAY;09:00;18:00;;
ATM//Тараз мкр. Самал (7)  д. 31//42.8930102//71.3527937;MONDAY;09:00;18:00;;
ATM//Тараз мкр. Самал (7)  д. 31//42.8930102//71.3527937;SATURDAY;;;;
ATM//Тараз мкр. Самал (7)  д. 31//42.8930102//71.3527937;SUNDAY;;;;
ATM//Тараз мкр. Самал (7)  д. 31//42.8930102//71.3527937;THURSDAY;09:00;18:00;;
ATM//Тараз мкр. Самал (7)  д. 31//42.8930102//71.3527937;TUESDAY;09:00;18:00;;
ATM//Тараз мкр. Самал (7)  д. 31//42.8930102//71.3527937;WEDNESDAY;09:00;18:00;;
ATM//Тараз ул. Толе би 16//42.8987887//71.3966307;FRIDAY;00:00;00:00;;
ATM//Тараз ул. Толе би 16//42.8987887//71.3966307;MONDAY;00:00;00:00;;
ATM//Тараз ул. Толе би 16//42.8987887//71.3966307;SATURDAY;00:00;00:00;;
ATM//Тараз ул. Толе би 16//42.8987887//71.3966307;SUNDAY;00:00;00:00;;
ATM//Тараз ул. Толе би 16//42.8987887//71.3966307;THURSDAY;00:00;00:00;;
ATM//Тараз ул. Толе би 16//42.8987887//71.3966307;TUESDAY;00:00;00:00;;
ATM//Тараз ул. Толе би 16//42.8987887//71.3966307;WEDNESDAY;00:00;00:00;;
ATM//Тараз мкр. Салтанат 29//null//null;FRIDAY;00:00;00:00;;
ATM//Тараз мкр. Салтанат 29//null//null;MONDAY;00:00;00:00;;
ATM//Тараз мкр. Салтанат 29//null//null;SATURDAY;00:00;00:00;;
ATM//Тараз мкр. Салтанат 29//null//null;SUNDAY;00:00;00:00;;
ATM//Тараз мкр. Салтанат 29//null//null;THURSDAY;00:00;00:00;;
ATM//Тараз мкр. Салтанат 29//null//null;TUESDAY;00:00;00:00;;
ATM//Тараз мкр. Салтанат 29//null//null;WEDNESDAY;00:00;00:00;;
ATM//Тараз ул. Сатпаева 5А//42.919381//71.38583;FRIDAY;09:00;23:00;;
ATM//Тараз ул. Сатпаева 5А//42.919381//71.38583;MONDAY;09:00;23:00;;
ATM//Тараз ул. Сатпаева 5А//42.919381//71.38583;SATURDAY;09:00;23:00;;
ATM//Тараз ул. Сатпаева 5А//42.919381//71.38583;SUNDAY;09:00;23:00;;
ATM//Тараз ул. Сатпаева 5А//42.919381//71.38583;THURSDAY;09:00;23:00;;
ATM//Тараз ул. Сатпаева 5А//42.919381//71.38583;TUESDAY;09:00;23:00;;
ATM//Тараз ул. Сатпаева 5А//42.919381//71.38583;WEDNESDAY;09:00;23:00;;
ATM//Уральск пр. Евразии дом 103//51.2151192//51.3677823;FRIDAY;09:00;18:00;;
ATM//Уральск пр. Евразии дом 103//51.2151192//51.3677823;MONDAY;09:00;18:00;;
ATM//Уральск пр. Евразии дом 103//51.2151192//51.3677823;SATURDAY;;;;
ATM//Уральск пр. Евразии дом 103//51.2151192//51.3677823;SUNDAY;;;;
ATM//Уральск пр. Евразии дом 103//51.2151192//51.3677823;THURSDAY;09:00;18:00;;
ATM//Уральск пр. Евразии дом 103//51.2151192//51.3677823;TUESDAY;09:00;18:00;;
ATM//Уральск пр. Евразии дом 103//51.2151192//51.3677823;WEDNESDAY;09:00;18:00;;
ATM//Уральск ул. Курманагазы дом 161//51.2139293//51.374405;FRIDAY;09:00;18:00;;
ATM//Уральск ул. Курманагазы дом 161//51.2139293//51.374405;MONDAY;09:00;18:00;;
ATM//Уральск ул. Курманагазы дом 161//51.2139293//51.374405;SATURDAY;;;;
ATM//Уральск ул. Курманагазы дом 161//51.2139293//51.374405;SUNDAY;;;;
ATM//Уральск ул. Курманагазы дом 161//51.2139293//51.374405;THURSDAY;09:00;18:00;;
ATM//Уральск ул. Курманагазы дом 161//51.2139293//51.374405;TUESDAY;09:00;18:00;;
ATM//Уральск ул. Курманагазы дом 161//51.2139293//51.374405;WEDNESDAY;09:00;18:00;;
ATM//Уральск ул. Молдагалиева № 18//51.205749//51.3817726;FRIDAY;00:00;00:00;;
ATM//Уральск ул. Молдагалиева № 18//51.205749//51.3817726;MONDAY;00:00;00:00;;
ATM//Уральск ул. Молдагалиева № 18//51.205749//51.3817726;SATURDAY;00:00;00:00;;
ATM//Уральск ул. Молдагалиева № 18//51.205749//51.3817726;SUNDAY;00:00;00:00;;
ATM//Уральск ул. Молдагалиева № 18//51.205749//51.3817726;THURSDAY;00:00;00:00;;
ATM//Уральск ул. Молдагалиева № 18//51.205749//51.3817726;TUESDAY;00:00;00:00;;
ATM//Уральск ул. Молдагалиева № 18//51.205749//51.3817726;WEDNESDAY;00:00;00:00;;
ATM//Уральск мкр. Женис дом 23//51.247972//51.4444631;FRIDAY;00:00;00:00;;
ATM//Уральск мкр. Женис дом 23//51.247972//51.4444631;MONDAY;00:00;00:00;;
ATM//Уральск мкр. Женис дом 23//51.247972//51.4444631;SATURDAY;00:00;00:00;;
ATM//Уральск мкр. Женис дом 23//51.247972//51.4444631;SUNDAY;00:00;00:00;;
ATM//Уральск мкр. Женис дом 23//51.247972//51.4444631;THURSDAY;00:00;00:00;;
ATM//Уральск мкр. Женис дом 23//51.247972//51.4444631;TUESDAY;00:00;00:00;;
ATM//Уральск мкр. Женис дом 23//51.247972//51.4444631;WEDNESDAY;00:00;00:00;;
ATM//Усть-Каменогорск пр. Победы дом 9//49.9451183//82.6199412;FRIDAY;09:00;19:00;;
ATM//Усть-Каменогорск пр. Победы дом 9//49.9451183//82.6199412;MONDAY;09:00;19:00;;
ATM//Усть-Каменогорск пр. Победы дом 9//49.9451183//82.6199412;SATURDAY;;;;
ATM//Усть-Каменогорск пр. Победы дом 9//49.9451183//82.6199412;SUNDAY;;;;
ATM//Усть-Каменогорск пр. Победы дом 9//49.9451183//82.6199412;THURSDAY;09:00;19:00;;
ATM//Усть-Каменогорск пр. Победы дом 9//49.9451183//82.6199412;TUESDAY;09:00;19:00;;
ATM//Усть-Каменогорск пр. Победы дом 9//49.9451183//82.6199412;WEDNESDAY;09:00;19:00;;
ATM//Усть-Каменогорск ул. Казахстан дом 90//49.9544609//82.6337072;FRIDAY;09:00;18:00;;
ATM//Усть-Каменогорск ул. Казахстан дом 90//49.9544609//82.6337072;MONDAY;09:00;18:00;;
ATM//Усть-Каменогорск ул. Казахстан дом 90//49.9544609//82.6337072;SATURDAY;09:00;18:00;;
ATM//Усть-Каменогорск ул. Казахстан дом 90//49.9544609//82.6337072;SUNDAY;09:00;18:00;;
ATM//Усть-Каменогорск ул. Казахстан дом 90//49.9544609//82.6337072;THURSDAY;09:00;18:00;;
ATM//Усть-Каменогорск ул. Казахстан дом 90//49.9544609//82.6337072;TUESDAY;09:00;18:00;;
ATM//Усть-Каменогорск ул. Казахстан дом 90//49.9544609//82.6337072;WEDNESDAY;09:00;18:00;;
ATM//Усть-Каменогорск ул. Виноградова 17A//49.9651894//82.5870126;FRIDAY;09:00;19:00;;
ATM//Усть-Каменогорск ул. Виноградова 17A//49.9651894//82.5870126;MONDAY;;;;
ATM//Усть-Каменогорск ул. Виноградова 17A//49.9651894//82.5870126;SATURDAY;09:00;19:00;;
ATM//Усть-Каменогорск ул. Виноградова 17A//49.9651894//82.5870126;SUNDAY;09:00;19:00;;
ATM//Усть-Каменогорск ул. Виноградова 17A//49.9651894//82.5870126;THURSDAY;09:00;19:00;;
ATM//Усть-Каменогорск ул. Виноградова 17A//49.9651894//82.5870126;TUESDAY;09:00;19:00;;
ATM//Усть-Каменогорск ул. Виноградова 17A//49.9651894//82.5870126;WEDNESDAY;09:00;19:00;;
ATM//Усть-Каменогорск ул. Мызы 16//49.9582586//82.6417075;FRIDAY;00:00;00:00;;
ATM//Усть-Каменогорск ул. Мызы 16//49.9582586//82.6417075;MONDAY;00:00;00:00;;
ATM//Усть-Каменогорск ул. Мызы 16//49.9582586//82.6417075;SATURDAY;00:00;00:00;;
ATM//Усть-Каменогорск ул. Мызы 16//49.9582586//82.6417075;SUNDAY;00:00;00:00;;
ATM//Усть-Каменогорск ул. Мызы 16//49.9582586//82.6417075;THURSDAY;00:00;00:00;;
ATM//Усть-Каменогорск ул. Мызы 16//49.9582586//82.6417075;TUESDAY;00:00;00:00;;
ATM//Усть-Каменогорск ул. Мызы 16//49.9582586//82.6417075;WEDNESDAY;00:00;00:00;;
ATM//Усть-Каменогорск ул. Абая 122//49.9761901//82.6239602;FRIDAY;08:00;23:00;;
ATM//Усть-Каменогорск ул. Абая 122//49.9761901//82.6239602;MONDAY;08:00;23:00;;
ATM//Усть-Каменогорск ул. Абая 122//49.9761901//82.6239602;SATURDAY;08:00;23:00;;
ATM//Усть-Каменогорск ул. Абая 122//49.9761901//82.6239602;SUNDAY;08:00;23:00;;
ATM//Усть-Каменогорск ул. Абая 122//49.9761901//82.6239602;THURSDAY;08:00;23:00;;
ATM//Усть-Каменогорск ул. Абая 122//49.9761901//82.6239602;TUESDAY;08:00;23:00;;
ATM//Усть-Каменогорск ул. Абая 122//49.9761901//82.6239602;WEDNESDAY;08:00;23:00;;
ATM//Шымкент ул. Кунаева дом 31//42.321775//69.5975546;FRIDAY;09:00;18:00;;
ATM//Шымкент ул. Кунаева дом 31//42.321775//69.5975546;MONDAY;09:00;18:00;;
ATM//Шымкент ул. Кунаева дом 31//42.321775//69.5975546;SATURDAY;;;;
ATM//Шымкент ул. Кунаева дом 31//42.321775//69.5975546;SUNDAY;;;;
ATM//Шымкент ул. Кунаева дом 31//42.321775//69.5975546;THURSDAY;09:00;18:00;;
ATM//Шымкент ул. Кунаева дом 31//42.321775//69.5975546;TUESDAY;09:00;18:00;;
ATM//Шымкент ул. Кунаева дом 31//42.321775//69.5975546;WEDNESDAY;09:00;18:00;;
ATM//Шымкент  ул. Туркестанская 65//42.3118777//69.6114062;FRIDAY;09:00;18:00;;
ATM//Шымкент  ул. Туркестанская 65//42.3118777//69.6114062;MONDAY;09:00;18:00;;
ATM//Шымкент  ул. Туркестанская 65//42.3118777//69.6114062;SATURDAY;;;;
ATM//Шымкент  ул. Туркестанская 65//42.3118777//69.6114062;SUNDAY;;;;
ATM//Шымкент  ул. Туркестанская 65//42.3118777//69.6114062;THURSDAY;09:00;18:00;;
ATM//Шымкент  ул. Туркестанская 65//42.3118777//69.6114062;TUESDAY;09:00;18:00;;
ATM//Шымкент  ул. Туркестанская 65//42.3118777//69.6114062;WEDNESDAY;09:00;18:00;;
