account_id;amount;beneficiary_name;beneficiary_tax_code;beneficiary_account;beneficiary_bank_code;RESIDENCY_ECONOMIC_CODE;VALUE_DATE;payment_purpose_code_id;purpose;id
references=id:document(document_number), account_id:accounts(account_number), payment_purpose_code_id:payment_purpose_code(code); keyColumns=id

KZ75125USD2069100102;10000.00;ТОО Финансы2;981140001115;KZ416390122030000365;KKMFKZ2A;11;2017-03-02;995;Оплата за поставку оборудования;11/45A
KZ75125KZT2069100100;10000.00;ТОО Финансы2;981140001115;KZ416390122030000365;KKMFKZ2A;11;2017-03-02;995;Оплата за поставку оборудования (в том числе НДС =1 071,43);11/46A
KZ75125USD2069100102;1000.00;;;;;;2016-12-31;979;rtrt;11/1A
KZ75125USD2069100102;1000.00;;;;;;2017-01-02;979;rtrt;11/2A

KZ75125KZT2069100100;10000.00;ТОО Финансы2;981140001115;KZ416390122030000365;KKMFKZ2A;11;2017-01-09;995;Оплата за поставку оборудования (в том числе НДС =1 071,43);17/1D
KZ75125KZT2069100100;10000.00;ТОО Финансы2;981140001115;KZ416390122030000365;KKMFKZ2A;11;2017-01-09;995;Оплата за поставку оборудования (в том числе НДС =1 071,43);1-17/1D
KZ75125KZT2069100100;10000.00;ТОО Финансы2;981140001115;KZ416390122030000365;KKMFKZ2A;11;2017-01-09;995;Оплата за поставку оборудования (в том числе НДС =1 071,43);2-17/1D
KZ75125KZT2069100100;10000.00;ТОО Финансы2;981140001115;KZ416390122030000365;KKMFKZ2A;11;2017-01-09;995;Оплата за поставку оборудования (в том числе НДС =1 071,43);3-17/1D
KZ75125KZT2069100100;10000.00;ТОО Финансы2;981140001115;KZ416390122030000365;KKMFKZ2A;11;2017-01-09;995;Оплата за поставку оборудования (в том числе НДС =1 071,43);4-17/1D
KZ75125KZT2069100100;10000.00;ТОО Финансы2;981140001115;KZ416390122030000365;KKMFKZ2A;11;2017-01-09;995;Оплата за поставку оборудования (в том числе НДС =1 071,43);5-17/1D
KZ75125KZT2069100100;10000.00;ТОО Финансы2;981140001115;KZ416390122030000365;KKMFKZ2A;11;2017-01-09;995;Оплата за поставку оборудования (в том числе НДС =1 071,43);6-17/1D
KZ75125KZT2069100100;10000.00;ТОО Финансы2;981140001115;KZ416390122030000365;KKMFKZ2A;11;2017-01-09;995;Оплата за поставку оборудования (в том числе НДС =1 071,43);7-17/1D
KZ75125KZT2069100100;10000.00;ТОО Финансы2;981140001115;KZ416390122030000365;KKMFKZ2A;11;2017-01-09;995;Оплата за поставку оборудования (в том числе НДС =1 071,43);8-17/1D
KZ75125KZT2069100100;10000.00;ТОО Финансы2;981140001115;KZ416390122030000365;KKMFKZ2A;11;2017-01-09;995;Оплата за поставку оборудования (в том числе НДС =1 071,43);9-17/1D

KZ75125USD2069100102;20000.00;LLC ChinaTrade;981140001115;DE89370400440532013000;CBGURUMMXXX;11;2017-01-12;995;Оплата за поставку оборудования из Китая;11/1I
KZ75125USD2069100102;60000.00;GeneralMotors corp.;981140001115;DE89370400440532013000;CBGURUMMXXX;11;2017-01-12;995;Оплата за поставку оборудования из США;11/2I
KZ75125USD2069100102;80000.00;Benito LLC;981140001115;DE89370400440532013000;CBGURUMMXXX;11;2017-01-12;995;Оплата за поставку оборудования из Италии;11/3I
KZ75125USD2069100102;11000.00;;;;;;2017-01-18;979;перевод валюты со счета на счет;11/5A
KZ75125KZT2069100100;12000.00;;;;;;2017-01-19;979;перевод валюты со счета на счет1;11/6A
KZ75125KZT2069101100;3454.44;ТОО Гранд;3232323;KZ75125KZT2069100100;CASPKZKA;11;2017-07-19;995;Оплата за сервисное обслуживание;11/45B
KZ75125KZT2069101100;10000.00;ТОО Финансы2;981140001115;KZ416390122030000365;SENIKZKA;11;2016-10-02;995;Оплата за поставку оборудования (в том числе НДС =1 071,43);11/46B
KZ75125USD2069101101;60000.00;Bayerische Motoren Werke AG;981140001115;DE89370400440532013000;AAAARSBG;11;2017-01-12;995;Оплата за поставку оборудования из Германии;12/2I
KZ75125USD2069101101;80000.00;Bayerische Motoren Werke AG;981140001115;DE89370400440532013000;AAAARSBG;11;2017-01-12;995;Оплата за поставку автомобилей из Германии;12/3I
KZ75125KZT2069101100;11000.00;;;;;;2017-01-18;979;перевод валюты со счета на счет;12/4A
KZ75125KZT2069101100;12000.00;;;;;;2017-01-19;979;перевод валюты со счета на счет1;12/5A
KZ75125KZT2069100100;12000.00;;;KZ2342342342323;;;2017-01-19;979;перевод валюты со счета на счет1;12/6E
KZ75125USD2069100102;12000.00;;;324234234234342;;;2017-01-19;979;перевод валюты со счета на счет1;12/7E
KZ75125KZT2069100106;12000.00;;;12342134234;;;2017-01-19;979;перевод валюты со счета на счет1;12/8E
KZ75125KZT2069101100;12000.00;;;213423423423423;;;2017-01-19;979;перевод валюты со счета на счет1;12/9E
KZ75125USD2069101101;12000.00;;;KZ2342342342323;;;2017-01-19;979;перевод валюты со счета на счет1;12/10E
KZ75125USD2069101101;12000.00;;;321423421341234;;;2017-01-19;979;перевод валюты со счета на счет1;12/11E
KZ75125USD2069100102;12000.00;;;2351613613634;;;2017-01-19;979;перевод валюты со счета на счет1;12/12E
KZ75125KZT2069100100;45;;;;;;null;012;Предоплата по догвору 22/45-45;11/13inv
null;156;;;;;;null;979;Оплата за товары;11/14inv
null;156;;;;;;null;008;Консалтинговые услуги;11/15inv
null;222;;;;;;null;995;Пеня;11/16inv
KZ75125KZT2069100104;1.00;НАО Гос. корпорация "Правительство для граждан";160440007161;KZ67009SS00368609110;GCVPKZ2A;11;2017-03-15;979;Социальное отчисление возврат;17/2D
KZ75125KZT2069100104;1.00;НАО Гос. корпорация "Правительство для граждан";160440007161;KZ67009SS00368609110;GCVPKZ2A;11;2017-03-15;979;Социальное отчисление возврат;17/24D
KZ75125KZT2069100104;1.00;НАО Гос. корпорация "Правительство для граждан";160440007161;KZ67009SS00368609110;GCVPKZ2A;11;2017-03-15;979;Возврат по зарплатному отчислению;11/1FF
KZ75125KZT2069100104;1.00;НАО Гос. корпорация "Правительство для граждан";160440007161;KZ67009SS00368609110;GCVPKZ2A;11;2017-03-15;979;Возврат по пенсионному отчислению;11/1ZE
KZ75125KZT2069100104;1.00;НАО Гос. корпорация "Правительство для граждан";160440007161;KZ67009SS00368609110;GCVPKZ2A;11;2017-03-15;979;Возврат по пенсионному отчислению;11/1GE
KZ75125KZT2069100104;1.00;НАО Гос. корпорация "Правительство для граждан";160440007161;KZ67009SS00368609110;GCVPKZ2A;11;2017-03-15;979;Возврат по пенсионному отчислению;11/1JE
KZ75125KZT2069100104;1.00;НАО Гос. корпорация "Правительство для граждан";160440007161;KZ67009SS00368609110;GCVPKZ2A;11;2017-03-15;979;Возврат по пенсионному отчислению;11/1KE
KZ75125KZT2069100104;1.00;НАО Гос. корпорация "Правительство для граждан";160440007161;KZ67009SS00368609110;GCVPKZ2A;11;2017-03-15;979;Возврат по пенсионному отчислению;11/1LE
KZ75125KZT2069100104;1.00;НАО Гос. корпораци11/1UEя "Правительство для граждан";160440007161;KZ67009SS00368609110;GCVPKZ2A;11;2017-03-15;979;Возврат по пенсионному отчислению;11/1ME
KZ75125KZT2069100104;1.00;НАО Гос. корпорация "Правительство для граждан";160440007161;KZ67009SS00368609110;GCVPKZ2A;11;2017-03-15;979;Возврат по пенсионному отчислению;11/1WE
KZ75125KZT2069100104;1.00;НАО Гос. корпорация "Правительство для граждан";160440007161;KZ67009SS00368609110;GCVPKZ2A;11;2017-03-15;979;Возврат по пенсионному отчислению;11/1VE
KZ75125KZT2069100104;1.00;НАО Гос. корпорация "Правительство для граждан";160440007161;KZ67009SS00368609110;GCVPKZ2A;11;2017-03-15;979;Возврат по пенсионному отчислению;11/1UE
KZ75125KZT2069100104;1.00;НАО Гос. корпорация "Правительство для граждан";160440007161;KZ67009SS00368609110;GCVPKZ2A;11;2017-03-15;979;Возврат по пенсионному отчислению;12/1UE
KZ75125KZT2069100104;1.00;НАО Гос. корпорация "Правительство для граждан";160440007161;KZ67009SS00368609110;GCVPKZ2A;11;2017-03-15;979;Возврат по пенсионному отчислению;11/1OE
